Date,Absorption Ratio,Momentum Exposure Scale
2015-01-02,,1.000000
2015-01-05,,1.000000
2015-01-06,,1.000000
2015-01-07,,1.000000
2015-01-08,,1.000000
2015-01-09,,1.000000
2015-01-12,,1.000000
2015-01-13,,1.000000
2015-01-14,,1.000000
2015-01-15,,1.000000
2015-01-16,,1.000000
2015-01-20,,1.000000
2015-01-21,,1.000000
2015-01-22,,1.000000
2015-01-23,,1.000000
2015-01-26,,1.000000
2015-01-27,,1.000000
2015-01-28,,1.000000
2015-01-29,,1.000000
2015-01-30,,1.000000
2015-02-02,,1.000000
2015-02-03,,1.000000
2015-02-04,,1.000000
2015-02-05,,1.000000
2015-02-06,,1.000000
2015-02-09,,1.000000
2015-02-10,,1.000000
2015-02-11,,1.000000
2015-02-12,,1.000000
2015-02-13,,1.000000
2015-02-17,,1.000000
2015-02-18,,1.000000
2015-02-19,,1.000000
2015-02-20,,1.000000
2015-02-23,,1.000000
2015-02-24,,1.000000
2015-02-25,,1.000000
2015-02-26,,1.000000
2015-02-27,,1.000000
2015-03-02,,1.000000
2015-03-03,,1.000000
2015-03-04,,1.000000
2015-03-05,,1.000000
2015-03-06,,1.000000
2015-03-09,,1.000000
2015-03-10,,1.000000
2015-03-11,,1.000000
2015-03-12,,1.000000
2015-03-13,,1.000000
2015-03-16,,1.000000
2015-03-17,,1.000000
2015-03-18,,1.000000
2015-03-19,,1.000000
2015-03-20,,1.000000
2015-03-23,,1.000000
2015-03-24,,1.000000
2015-03-25,,1.000000
2015-03-26,,1.000000
2015-03-27,,1.000000
2015-03-30,,1.000000
2015-03-31,,1.000000
2015-04-01,,1.000000
2015-04-02,,1.000000
2015-04-06,,1.000000
2015-04-07,,1.000000
2015-04-08,,1.000000
2015-04-09,,1.000000
2015-04-10,,1.000000
2015-04-13,,1.000000
2015-04-14,,1.000000
2015-04-15,,1.000000
2015-04-16,,1.000000
2015-04-17,,1.000000
2015-04-20,,1.000000
2015-04-21,,1.000000
2015-04-22,,1.000000
2015-04-23,,1.000000
2015-04-24,,1.000000
2015-04-27,,1.000000
2015-04-28,,1.000000
2015-04-29,,1.000000
2015-04-30,,1.000000
2015-05-01,,1.000000
2015-05-04,,1.000000
2015-05-05,,1.000000
2015-05-06,,1.000000
2015-05-07,,1.000000
2015-05-08,,1.000000
2015-05-11,,1.000000
2015-05-12,,1.000000
2015-05-13,,1.000000
2015-05-14,,1.000000
2015-05-15,,1.000000
2015-05-18,,1.000000
2015-05-19,,1.000000
2015-05-20,,1.000000
2015-05-21,,1.000000
2015-05-22,,1.000000
2015-05-26,,1.000000
2015-05-27,,1.000000
2015-05-28,,1.000000
2015-05-29,,1.000000
2015-06-01,,1.000000
2015-06-02,,1.000000
2015-06-03,,1.000000
2015-06-04,,1.000000
2015-06-05,,1.000000
2015-06-08,,1.000000
2015-06-09,,1.000000
2015-06-10,,1.000000
2015-06-11,,1.000000
2015-06-12,,1.000000
2015-06-15,,1.000000
2015-06-16,,1.000000
2015-06-17,,1.000000
2015-06-18,,1.000000
2015-06-19,,1.000000
2015-06-22,,1.000000
2015-06-23,,1.000000
2015-06-24,,1.000000
2015-06-25,,1.000000
2015-06-26,,1.000000
2015-06-29,,1.000000
2015-06-30,,1.000000
2015-07-01,,1.000000
2015-07-02,0.603522,1.000000
2015-07-06,0.601574,1.000000
2015-07-07,0.593628,1.000000
2015-07-08,0.597926,1.000000
2015-07-09,0.594954,1.000000
2015-07-10,0.595852,1.000000
2015-07-13,0.594789,1.000000
2015-07-14,0.594418,1.000000
2015-07-15,0.595089,1.000000
2015-07-16,0.594253,1.000000
2015-07-17,0.595283,1.000000
2015-07-20,0.592132,1.000000
2015-07-21,0.593397,1.000000
2015-07-22,0.593960,1.000000
2015-07-23,0.593787,1.000000
2015-07-24,0.595576,1.000000
2015-07-27,0.598080,1.000000
2015-07-28,0.604638,1.000000
2015-07-29,0.602484,1.000000
2015-07-30,0.601853,1.000000
2015-07-31,0.597915,1.000000
2015-08-03,0.597529,1.000000
2015-08-04,0.593835,1.000000
2015-08-05,0.593925,1.000000
2015-08-06,0.592370,1.000000
2015-08-07,0.593199,1.000000
2015-08-10,0.597519,1.000000
2015-08-11,0.601606,1.000000
2015-08-12,0.600100,1.000000
2015-08-13,0.597440,1.000000
2015-08-14,0.595821,1.000000
2015-08-17,0.593246,1.000000
2015-08-18,0.593366,1.000000
2015-08-19,0.594505,1.000000
2015-08-20,0.598553,1.000000
2015-08-21,0.599592,1.000000
2015-08-24,0.612357,1.000000
2015-08-25,0.607577,1.000000
2015-08-26,0.616589,1.000000
2015-08-27,0.617979,1.000000
2015-08-28,0.616131,1.000000
2015-08-31,0.614951,1.000000
2015-09-01,0.622740,1.000000
2015-09-02,0.625098,1.000000
2015-09-03,0.627181,1.000000
2015-09-04,0.628964,1.000000
2015-09-08,0.633069,1.000000
2015-09-09,0.633897,1.000000
2015-09-10,0.634744,1.000000
2015-09-11,0.634472,1.000000
2015-09-14,0.635285,1.000000
2015-09-15,0.637900,1.000000
2015-09-16,0.641725,1.000000
2015-09-17,0.642787,1.000000
2015-09-18,0.647358,1.000000
2015-09-21,0.647156,1.000000
2015-09-22,0.649923,1.000000
2015-09-23,0.652201,1.000000
2015-09-24,0.653755,1.000000
2015-09-25,0.651948,1.000000
2015-09-28,0.655909,1.000000
2015-09-29,0.655889,1.000000
2015-09-30,0.660353,1.000000
2015-10-01,0.660172,0.300000
2015-10-02,0.658959,0.300000
2015-10-05,0.661815,0.300000
2015-10-06,0.662264,0.300000
2015-10-07,0.662340,0.300000
2015-10-08,0.663104,0.300000
2015-10-09,0.663097,0.300000
2015-10-12,0.663561,0.300000
2015-10-13,0.663708,0.300000
2015-10-14,0.662702,0.300000
2015-10-15,0.662360,0.300000
2015-10-16,0.662574,0.300000
2015-10-19,0.662323,0.300000
2015-10-20,0.661865,0.300000
2015-10-21,0.661857,0.300000
2015-10-22,0.662927,0.300000
2015-10-23,0.663999,0.300000
2015-10-26,0.664392,0.300000
2015-10-27,0.665346,0.300000
2015-10-28,0.660771,0.300000
2015-10-29,0.657716,0.300000
2015-10-30,0.657669,0.300000
2015-11-02,0.658363,0.300000
2015-11-03,0.660542,0.300000
2015-11-04,0.661526,0.300000
2015-11-05,0.662503,0.300000
2015-11-06,0.663981,0.300000
2015-11-09,0.663249,0.300000
2015-11-10,0.663497,0.300000
2015-11-11,0.662789,0.300000
2015-11-12,0.665203,0.300000
2015-11-13,0.667430,0.300000
2015-11-16,0.668210,0.300000
2015-11-17,0.668083,0.300000
2015-11-18,0.669040,0.300000
2015-11-19,0.668367,0.300000
2015-11-20,0.667222,0.300000
2015-11-23,0.667429,0.300000
2015-11-24,0.667435,0.300000
2015-11-25,0.666490,0.300000
2015-11-27,0.665242,0.300000
2015-11-30,0.666068,0.300000
2015-12-01,0.664675,0.300000
2015-12-02,0.663443,0.300000
2015-12-03,0.658481,0.300000
2015-12-04,0.655855,0.300000
2015-12-07,0.656602,0.312841
2015-12-08,0.654906,0.304943
2015-12-09,0.656421,0.329449
2015-12-10,0.656545,0.311081
2015-12-11,0.660860,0.311371
2015-12-14,0.660507,0.300000
2015-12-15,0.661271,0.300000
2015-12-16,0.661311,0.300000
2015-12-17,0.662234,0.300000
2015-12-18,0.661643,0.300000
2015-12-21,0.661766,0.300000
2015-12-22,0.662083,0.300000
2015-12-23,0.663215,0.300000
2015-12-24,0.664236,0.300000
2015-12-28,0.658573,0.300000
2015-12-29,0.659858,0.312157
2015-12-30,0.659782,0.300000
2015-12-31,0.660337,0.300000
2016-01-04,0.664477,0.300000
2016-01-05,0.665781,0.300000
2016-01-06,0.665724,0.300000
2016-01-07,0.669566,0.300000
2016-01-08,0.668598,0.300000
2016-01-11,0.667868,0.300000
2016-01-12,0.666243,0.300000
2016-01-13,0.667360,0.300000
2016-01-14,0.670667,0.300000
2016-01-15,0.675977,0.300000
2016-01-19,0.674257,0.300000
2016-01-20,0.672612,0.300000
2016-01-21,0.673292,0.300000
2016-01-22,0.676277,0.300000
2016-01-25,0.677027,0.300000
2016-01-26,0.675994,0.300000
2016-01-27,0.674116,0.300000
2016-01-28,0.673575,0.300000
2016-01-29,0.671927,0.300000
2016-02-01,0.672643,0.300000
2016-02-02,0.676704,0.300000
2016-02-03,0.674983,0.300000
2016-02-04,0.674330,0.300000
2016-02-05,0.674060,0.300000
2016-02-08,0.676915,0.300000
2016-02-09,0.675543,0.300000
2016-02-10,0.673816,0.300000
2016-02-11,0.675906,0.300000
2016-02-12,0.679141,0.300000
2016-02-16,0.684404,0.300000
2016-02-17,0.686817,0.300000
2016-02-18,0.688047,0.300000
2016-02-19,0.686892,0.300000
2016-02-22,0.684834,0.300000
2016-02-23,0.686559,0.300000
2016-02-24,0.686206,0.300000
2016-02-25,0.689396,0.300000
2016-02-26,0.680900,0.300000
2016-02-29,0.680962,0.300000
2016-03-01,0.688437,0.300000
2016-03-02,0.689002,0.300000
2016-03-03,0.683834,0.300000
2016-03-04,0.681542,0.300000
2016-03-07,0.681017,0.300000
2016-03-08,0.681316,0.300000
2016-03-09,0.676834,0.300000
2016-03-10,0.677202,0.300000
2016-03-11,0.680848,0.300000
2016-03-14,0.680914,0.300000
2016-03-15,0.680275,0.300000
2016-03-16,0.677538,0.300000
2016-03-17,0.677088,0.300000
2016-03-18,0.677431,0.300000
2016-03-21,0.674522,0.300000
2016-03-22,0.675674,0.300000
2016-03-23,0.673589,0.300000
2016-03-24,0.673760,0.300000
2016-03-28,0.673225,0.300000
2016-03-29,0.671662,0.300000
2016-03-30,0.669178,0.318933
2016-03-31,0.669158,0.352606
2016-04-01,0.664521,0.353779
2016-04-04,0.664432,0.415711
2016-04-05,0.669536,0.417481
2016-04-06,0.667799,0.350572
2016-04-07,0.671020,0.374461
2016-04-08,0.669344,0.332539
2016-04-11,0.667399,0.355781
2016-04-12,0.668840,0.382513
2016-04-13,0.669545,0.364013
2016-04-14,0.668631,0.355413
2016-04-15,0.669470,0.368482
2016-04-18,0.667409,0.358020
2016-04-19,0.664604,0.386490
2016-04-20,0.664727,0.424907
2016-04-21,0.664492,0.423769
2016-04-22,0.662719,0.427452
2016-04-25,0.662617,0.451963
2016-04-26,0.661949,0.453761
2016-04-27,0.660949,0.463246
2016-04-28,0.663077,0.477255
2016-04-29,0.666849,0.448499
2016-05-02,0.669942,0.397295
2016-05-03,0.671307,0.355520
2016-05-04,0.669686,0.337608
2016-05-05,0.669283,0.360745
2016-05-06,0.669604,0.367054
2016-05-09,0.668486,0.363360
2016-05-10,0.671456,0.379526
2016-05-11,0.673334,0.339142
2016-05-12,0.673045,0.314026
2016-05-13,0.674461,0.319011
2016-05-16,0.675571,0.300352
2016-05-17,0.675421,0.300000
2016-05-18,0.673454,0.300000
2016-05-19,0.673978,0.317700
2016-05-20,0.674543,0.311359
2016-05-23,0.675508,0.304465
2016-05-24,0.677984,0.300000
2016-05-25,0.679359,0.300000
2016-05-26,0.679313,0.300000
2016-05-27,0.679750,0.300000
2016-05-31,0.681758,0.300000
2016-06-01,0.681463,0.300000
2016-06-02,0.683364,0.300000
2016-06-03,0.681418,0.300000
2016-06-06,0.692185,0.300000
2016-06-07,0.697958,0.300000
2016-06-08,0.697911,0.300000
2016-06-09,0.698741,0.300000
2016-06-10,0.699426,0.300000
2016-06-13,0.700727,0.300000
2016-06-14,0.694887,0.300000
2016-06-15,0.695368,0.300000
2016-06-16,0.694047,0.300000
2016-06-17,0.692005,0.300000
2016-06-20,0.695198,0.300000
2016-06-21,0.694347,0.300000
2016-06-22,0.695014,0.300000
2016-06-23,0.697666,0.300000
2016-06-24,0.721974,0.300000
2016-06-27,0.724149,0.300000
2016-06-28,0.725519,0.300000
2016-06-29,0.727109,0.300000
2016-06-30,0.727052,0.300000
2016-07-01,0.724896,0.300000
2016-07-05,0.723577,0.300000
2016-07-06,0.723025,0.300000
2016-07-07,0.720163,0.300000
2016-07-08,0.716184,0.300000
2016-07-11,0.717412,0.300000
2016-07-12,0.719929,0.300000
2016-07-13,0.722508,0.300000
2016-07-14,0.723170,0.300000
2016-07-15,0.719735,0.300000
2016-07-18,0.714077,0.300000
2016-07-19,0.716575,0.300000
2016-07-20,0.717711,0.300000
2016-07-21,0.718558,0.300000
2016-07-22,0.715906,0.300000
2016-07-25,0.713441,0.300000
2016-07-26,0.714938,0.300000
2016-07-27,0.715692,0.300000
2016-07-28,0.716303,0.300000
2016-07-29,0.720345,0.300000
2016-08-01,0.719401,0.300000
2016-08-02,0.712645,0.300000
2016-08-03,0.715957,0.300000
2016-08-04,0.715986,0.300000
2016-08-05,0.719176,0.300000
2016-08-08,0.714227,0.300000
2016-08-09,0.713811,0.300000
2016-08-10,0.714063,0.300000
2016-08-11,0.712601,0.300000
2016-08-12,0.709529,0.300000
2016-08-15,0.702092,0.300000
2016-08-16,0.701638,0.300000
2016-08-17,0.699872,0.300000
2016-08-18,0.699932,0.300000
2016-08-19,0.697185,0.300000
2016-08-22,0.693561,0.300000
2016-08-23,0.694483,0.300000
2016-08-24,0.694191,0.300000
2016-08-25,0.696041,0.300000
2016-08-26,0.695926,0.300000
2016-08-29,0.686199,0.300000
2016-08-30,0.686641,0.426617
2016-08-31,0.688786,0.421050
2016-09-01,0.688947,0.383979
2016-09-02,0.689739,0.383274
2016-09-06,0.686110,0.370675
2016-09-07,0.685184,0.442127
2016-09-08,0.683879,0.462595
2016-09-09,0.665961,0.490675
2016-09-12,0.665396,0.844684
2016-09-13,0.662231,0.860436
2016-09-14,0.665003,0.927937
2016-09-15,0.668154,0.876700
2016-09-16,0.668380,0.816705
2016-09-19,0.667966,0.815513
2016-09-20,0.667640,0.826648
2016-09-21,0.666786,0.836096
2016-09-22,0.665936,0.856010
2016-09-23,0.666204,0.875515
2016-09-26,0.673808,0.871681
2016-09-27,0.672627,0.715900
2016-09-28,0.673113,0.742325
2016-09-29,0.676037,0.733967
2016-09-30,0.677647,0.674055
2016-10-03,0.673141,0.641760
2016-10-04,0.665774,0.738156
2016-10-05,0.661245,0.894211
2016-10-06,0.661861,0.989716
2016-10-07,0.663371,0.976635
2016-10-10,0.662157,0.944780
2016-10-11,0.660426,0.970277
2016-10-12,0.661064,1.000000
2016-10-13,0.661421,0.992434
2016-10-14,0.660263,0.984713
2016-10-17,0.664226,1.000000
2016-10-18,0.663816,0.925474
2016-10-19,0.664159,0.934345
2016-10-20,0.668714,0.927439
2016-10-21,0.668939,0.832157
2016-10-24,0.669914,0.828119
2016-10-25,0.671429,0.808183
2016-10-26,0.667598,0.776879
2016-10-27,0.665318,0.858297
2016-10-28,0.665201,0.907230
2016-10-31,0.662963,0.910828
2016-11-01,0.663170,0.959218
2016-11-02,0.664400,0.955582
2016-11-03,0.663786,0.929988
2016-11-04,0.664959,0.943409
2016-11-07,0.671253,0.918764
2016-11-08,0.670558,0.785391
2016-11-09,0.654968,0.801052
2016-11-10,0.642987,1.000000
2016-11-11,0.634903,1.000000
2016-11-14,0.631276,1.000000
2016-11-15,0.630243,1.000000
2016-11-16,0.628665,1.000000
2016-11-17,0.629031,1.000000
2016-11-18,0.627756,1.000000
2016-11-21,0.624128,1.000000
2016-11-22,0.623151,1.000000
2016-11-23,0.621535,1.000000
2016-11-25,0.621882,1.000000
2016-11-28,0.621937,1.000000
2016-11-29,0.621939,1.000000
2016-11-30,0.619274,1.000000
2016-12-01,0.620143,1.000000
2016-12-02,0.619492,1.000000
2016-12-05,0.620719,1.000000
2016-12-06,0.621824,1.000000
2016-12-07,0.620168,1.000000
2016-12-08,0.616641,1.000000
2016-12-09,0.613762,1.000000
2016-12-12,0.614788,1.000000
2016-12-13,0.615119,1.000000
2016-12-14,0.612270,1.000000
2016-12-15,0.614459,1.000000
2016-12-16,0.613638,1.000000
2016-12-19,0.613116,1.000000
2016-12-20,0.613588,1.000000
2016-12-21,0.609207,1.000000
2016-12-22,0.573895,1.000000
2016-12-23,0.570234,1.000000
2016-12-27,0.564937,1.000000
2016-12-28,0.556514,1.000000
2016-12-29,0.552274,1.000000
2016-12-30,0.550879,1.000000
2017-01-03,0.550950,1.000000
2017-01-04,0.553307,1.000000
2017-01-05,0.550615,1.000000
2017-01-06,0.541382,1.000000
2017-01-09,0.541010,1.000000
2017-01-10,0.541191,1.000000
2017-01-11,0.541704,1.000000
2017-01-12,0.541941,1.000000
2017-01-13,0.541921,1.000000
2017-01-17,0.540650,1.000000
2017-01-18,0.540206,1.000000
2017-01-19,0.541218,1.000000
2017-01-20,0.541734,1.000000
2017-01-23,0.539840,1.000000
2017-01-24,0.539585,1.000000
2017-01-25,0.539702,1.000000
2017-01-26,0.539839,1.000000
2017-01-27,0.539836,1.000000
2017-01-30,0.541652,1.000000
2017-01-31,0.542534,1.000000
2017-02-01,0.540619,1.000000
2017-02-02,0.541181,1.000000
2017-02-03,0.541507,1.000000
2017-02-06,0.540749,1.000000
2017-02-07,0.540662,1.000000
2017-02-08,0.540883,1.000000
2017-02-09,0.541363,1.000000
2017-02-10,0.541961,1.000000
2017-02-13,0.541882,1.000000
2017-02-14,0.541183,1.000000
2017-02-15,0.541683,1.000000
2017-02-16,0.541748,1.000000
2017-02-17,0.541097,1.000000
2017-02-21,0.541723,1.000000
2017-02-22,0.542527,1.000000
2017-02-23,0.542234,1.000000
2017-02-24,0.540608,1.000000
2017-02-27,0.540228,1.000000
2017-02-28,0.540290,1.000000
2017-03-01,0.542182,1.000000
2017-03-02,0.544608,1.000000
2017-03-03,0.543836,1.000000
2017-03-06,0.544595,1.000000
2017-03-07,0.544236,1.000000
2017-03-08,0.544176,1.000000
2017-03-09,0.543689,1.000000
2017-03-10,0.543746,1.000000
2017-03-13,0.525513,1.000000
2017-03-14,0.525031,1.000000
2017-03-15,0.521391,1.000000
2017-03-16,0.520894,1.000000
2017-03-17,0.517520,1.000000
2017-03-20,0.517273,1.000000
2017-03-21,0.521382,1.000000
2017-03-22,0.521891,1.000000
2017-03-23,0.515922,1.000000
2017-03-24,0.514301,1.000000
2017-03-27,0.511949,1.000000
2017-03-28,0.508633,1.000000
2017-03-29,0.507855,1.000000
2017-03-30,0.506207,1.000000
2017-03-31,0.501031,1.000000
2017-04-03,0.498850,1.000000
2017-04-04,0.499487,1.000000
2017-04-05,0.500654,1.000000
2017-04-06,0.499360,1.000000
2017-04-07,0.499990,1.000000
2017-04-10,0.499081,1.000000
2017-04-11,0.496025,1.000000
2017-04-12,0.485323,1.000000
2017-04-13,0.487097,1.000000
2017-04-17,0.488017,1.000000
2017-04-18,0.489271,1.000000
2017-04-19,0.488131,1.000000
2017-04-20,0.489616,1.000000
2017-04-21,0.489512,1.000000
2017-04-24,0.493600,1.000000
2017-04-25,0.496760,1.000000
2017-04-26,0.497396,1.000000
2017-04-27,0.496571,1.000000
2017-04-28,0.495093,1.000000
2017-05-01,0.495911,1.000000
2017-05-02,0.494679,1.000000
2017-05-03,0.495175,1.000000
2017-05-04,0.489796,1.000000
2017-05-05,0.485066,1.000000
2017-05-08,0.484459,1.000000
2017-05-09,0.483656,1.000000
2017-05-10,0.463257,1.000000
2017-05-11,0.462987,1.000000
2017-05-12,0.478649,1.000000
2017-05-15,0.493266,1.000000
2017-05-16,0.502318,1.000000
2017-05-17,0.527601,1.000000
2017-05-18,0.524264,1.000000
2017-05-19,0.527005,1.000000
2017-05-22,0.524890,1.000000
2017-05-23,0.527630,1.000000
2017-05-24,0.526634,1.000000
2017-05-25,0.525903,1.000000
2017-05-26,0.528550,1.000000
2017-05-30,0.528431,1.000000
2017-05-31,0.527562,1.000000
2017-06-01,0.528275,1.000000
2017-06-02,0.531342,0.998696
2017-06-05,0.535168,0.980677
2017-06-06,0.536043,0.959113
2017-06-07,0.533137,0.951995
2017-06-08,0.531059,0.963293
2017-06-09,0.516776,0.970498
2017-06-12,0.517934,1.000000
2017-06-13,0.519254,1.000000
2017-06-14,0.518279,1.000000
2017-06-15,0.518385,1.000000
2017-06-16,0.520240,1.000000
2017-06-19,0.523548,1.000000
2017-06-20,0.528528,0.984202
2017-06-21,0.528682,0.956867
2017-06-22,0.527166,0.953254
2017-06-23,0.526686,0.957839
2017-06-26,0.525127,0.957328
2017-06-27,0.521572,0.962244
2017-06-28,0.525707,0.977022
2017-06-29,0.525874,0.953797
2017-06-30,0.528265,0.950306
2017-07-03,0.525738,0.935741
2017-07-05,0.524165,0.945782
2017-07-06,0.524302,0.951051
2017-07-07,0.530724,0.947714
2017-07-10,0.532274,0.912538
2017-07-11,0.531670,0.902088
2017-07-12,0.532964,0.902644
2017-07-13,0.533717,0.893490
2017-07-14,0.534390,0.887130
2017-07-17,0.534444,0.881179
2017-07-18,0.531328,0.878438
2017-07-19,0.533971,0.892267
2017-07-20,0.534359,0.875889
2017-07-21,0.535037,0.871388
2017-07-24,0.537591,0.865347
2017-07-25,0.534610,0.849254
2017-07-26,0.527116,0.862835
2017-07-27,0.527191,0.900875
2017-07-28,0.527484,0.898031
2017-07-31,0.525084,0.894014
2017-08-01,0.525611,0.904827
2017-08-02,0.524700,0.899555
2017-08-03,0.525798,0.902207
2017-08-04,0.526436,0.893701
2017-08-07,0.525408,0.887760
2017-08-08,0.525507,0.891287
2017-08-09,0.527364,0.888389
2017-08-10,0.542330,0.875383
2017-08-11,0.541270,0.786270
2017-08-14,0.545482,0.789956
2017-08-15,0.545083,0.762625
2017-08-16,0.543277,0.762439
2017-08-17,0.552660,0.770674
2017-08-18,0.552766,0.711612
2017-08-21,0.551804,0.708251
2017-08-22,0.554955,0.711412
2017-08-23,0.554800,0.689319
2017-08-24,0.555077,0.687496
2017-08-25,0.555268,0.682958
2017-08-28,0.554047,0.678883
2017-08-29,0.545063,0.683733
2017-08-30,0.544598,0.738470
2017-08-31,0.543850,0.738836
2017-09-01,0.544306,0.741038
2017-09-05,0.552339,0.735389
2017-09-06,0.554971,0.679647
2017-09-07,0.554455,0.659222
2017-09-08,0.553449,0.659693
2017-09-11,0.561317,0.663512
2017-09-12,0.560868,0.607250
2017-09-13,0.567403,0.607529
2017-09-14,0.568128,0.559718
2017-09-15,0.568959,0.551733
2017-09-18,0.570848,0.542797
2017-09-19,0.563178,0.526306
2017-09-20,0.562757,0.577410
2017-09-21,0.562560,0.577280
2017-09-22,0.561908,0.575545
2017-09-25,0.563672,0.577102
2017-09-26,0.561200,0.561002
2017-09-27,0.560246,0.575636
2017-09-28,0.562268,0.579205
2017-09-29,0.562801,0.560445
2017-10-02,0.562338,0.552562
2017-10-03,0.561492,0.552095
2017-10-04,0.560445,0.554732
2017-10-05,0.561405,0.559255
2017-10-06,0.561376,0.548153
2017-10-09,0.562080,0.544729
2017-10-10,0.563558,0.535283
2017-10-11,0.563934,0.519438
2017-10-12,0.562042,0.512437
2017-10-13,0.557587,0.524014
2017-10-16,0.555803,0.557146
2017-10-17,0.557273,0.568311
2017-10-18,0.554497,0.551710
2017-10-19,0.555059,0.571452
2017-10-20,0.548498,0.562371
2017-10-23,0.544985,0.615994
2017-10-24,0.545537,0.643494
2017-10-25,0.545463,0.634564
2017-10-26,0.545749,0.631156
2017-10-27,0.538889,0.624371
2017-10-30,0.539641,0.685783
2017-10-31,0.541444,0.674978
2017-11-01,0.545018,0.653546
2017-11-02,0.544945,0.613691
2017-11-03,0.544872,0.609821
2017-11-06,0.545648,0.605839
2017-11-07,0.545032,0.592625
2017-11-08,0.545281,0.593702
2017-11-09,0.548023,0.585198
2017-11-10,0.545151,0.548772
2017-11-13,0.546175,0.576744
2017-11-14,0.521287,0.560212
2017-11-15,0.529398,0.851162
2017-11-16,0.537949,0.751758
2017-11-17,0.536977,0.644704
2017-11-20,0.536956,0.652895
2017-11-21,0.539497,0.649391
2017-11-22,0.539637,0.613293
2017-11-24,0.538595,0.607362
2017-11-27,0.537952,0.616853
2017-11-28,0.537641,0.621236
2017-11-29,0.532300,0.621242
2017-11-30,0.529633,0.690282
2017-12-01,0.532859,0.724029
2017-12-04,0.531276,0.675276
2017-12-05,0.530456,0.694397
2017-12-06,0.530922,0.702927
2017-12-07,0.538949,0.692551
2017-12-08,0.538838,0.566430
2017-12-11,0.538431,0.562686
2017-12-12,0.537743,0.563718
2017-12-13,0.536161,0.569180
2017-12-14,0.540350,0.589574
2017-12-15,0.534543,0.513613
2017-12-18,0.533229,0.606693
2017-12-19,0.533928,0.624506
2017-12-20,0.533733,0.606694
2017-12-21,0.533364,0.604603
2017-12-22,0.533733,0.606015
2017-12-26,0.535339,0.595872
2017-12-27,0.530707,0.561959
2017-12-28,0.530043,0.649505
2017-12-29,0.529350,0.660566
2018-01-02,0.537623,0.672469
2018-01-03,0.539228,0.509206
2018-01-04,0.536990,0.476617
2018-01-05,0.537673,0.519164
2018-01-08,0.539028,0.504570
2018-01-09,0.538547,0.477667
2018-01-10,0.538286,0.486931
2018-01-11,0.537474,0.491831
2018-01-12,0.536971,0.507502
2018-01-16,0.537667,0.516996
2018-01-17,0.542550,0.502908
2018-01-18,0.539915,0.406667
2018-01-19,0.541106,0.458668
2018-01-22,0.540485,0.435136
2018-01-23,0.540849,0.447298
2018-01-24,0.540289,0.440184
2018-01-25,0.542357,0.451305
2018-01-26,0.544794,0.410730
2018-01-29,0.543555,0.363131
2018-01-30,0.545114,0.387928
2018-01-31,0.544246,0.357546
2018-02-01,0.541558,0.374828
2018-02-02,0.549153,0.427902
2018-02-05,0.585344,0.300000
2018-02-06,0.594117,0.300000
2018-02-07,0.589381,0.300000
2018-02-08,0.602546,0.300000
2018-02-09,0.596992,0.300000
2018-02-12,0.598479,0.300000
2018-02-13,0.596112,0.300000
2018-02-14,0.602476,0.300000
2018-02-15,0.603798,0.300000
2018-02-16,0.599279,0.300000
2018-02-20,0.599487,0.300000
2018-02-21,0.598936,0.300000
2018-02-22,0.597703,0.300000
2018-02-23,0.598992,0.300000
2018-02-26,0.600103,0.300000
2018-02-27,0.604362,0.300000
2018-02-28,0.606383,0.300000
2018-03-01,0.605225,0.300000
2018-03-02,0.606070,0.300000
2018-03-05,0.605559,0.300000
2018-03-06,0.605998,0.300000
2018-03-07,0.604218,0.300000
2018-03-08,0.603870,0.300000
2018-03-09,0.607233,0.300000
2018-03-12,0.607538,0.300000
2018-03-13,0.607842,0.300000
2018-03-14,0.607339,0.300000
2018-03-15,0.608027,0.300000
2018-03-16,0.608065,0.300000
2018-03-19,0.608488,0.300000
2018-03-20,0.608395,0.300000
2018-03-21,0.607487,0.300000
2018-03-22,0.615872,0.300000
2018-03-23,0.616405,0.300000
2018-03-26,0.623124,0.300000
2018-03-27,0.627200,0.300000
2018-03-28,0.626086,0.300000
2018-03-29,0.629727,0.300000
2018-04-02,0.630395,0.300000
2018-04-03,0.630994,0.300000
2018-04-04,0.631538,0.300000
2018-04-05,0.632208,0.300000
2018-04-06,0.634011,0.300000
2018-04-09,0.633935,0.300000
2018-04-10,0.635963,0.300000
2018-04-11,0.635593,0.300000
2018-04-12,0.635731,0.300000
2018-04-13,0.635457,0.300000
2018-04-16,0.635026,0.300000
2018-04-17,0.634653,0.300000
2018-04-18,0.634625,0.300000
2018-04-19,0.634417,0.300000
2018-04-20,0.634375,0.300000
2018-04-23,0.634595,0.300000
2018-04-24,0.633429,0.300000
2018-04-25,0.632836,0.300000
2018-04-26,0.631854,0.300000
2018-04-27,0.631674,0.300000
2018-04-30,0.632540,0.300000
2018-05-01,0.633158,0.300000
2018-05-02,0.633373,0.300000
2018-05-03,0.633157,0.300000
2018-05-04,0.633258,0.300000
2018-05-07,0.632565,0.300000
2018-05-08,0.633112,0.300000
2018-05-09,0.633361,0.300000
2018-05-10,0.633303,0.300000
2018-05-11,0.633073,0.300000
2018-05-14,0.632905,0.300000
2018-05-15,0.632409,0.300000
2018-05-16,0.632256,0.300000
2018-05-17,0.630696,0.300000
2018-05-18,0.630203,0.300000
2018-05-21,0.629325,0.300000
2018-05-22,0.629697,0.300000
2018-05-23,0.628027,0.300000
2018-05-24,0.627539,0.300000
2018-05-25,0.627211,0.300000
2018-05-29,0.626995,0.300000
2018-05-30,0.628041,0.300000
2018-05-31,0.628327,0.300000
2018-06-01,0.631010,0.300000
2018-06-04,0.633049,0.300000
2018-06-05,0.632081,0.300000
2018-06-06,0.633092,0.300000
2018-06-07,0.633524,0.300000
2018-06-08,0.634201,0.300000
2018-06-11,0.634263,0.300000
2018-06-12,0.633739,0.300000
2018-06-13,0.633649,0.300000
2018-06-14,0.632812,0.300000
2018-06-15,0.633632,0.300000
2018-06-18,0.632634,0.300000
2018-06-19,0.633696,0.300000
2018-06-20,0.632577,0.300000
2018-06-21,0.634342,0.300000
2018-06-22,0.632815,0.300000
2018-06-25,0.634917,0.300000
2018-06-26,0.635087,0.300000
2018-06-27,0.637399,0.300000
2018-06-28,0.637889,0.300000
2018-06-29,0.637212,0.300000
2018-07-02,0.636245,0.300000
2018-07-03,0.632702,0.300000
2018-07-05,0.632483,0.300000
2018-07-06,0.632966,0.300000
2018-07-09,0.633638,0.300000
2018-07-10,0.633292,0.300000
2018-07-11,0.634455,0.300000
2018-07-12,0.634969,0.300000
2018-07-13,0.635340,0.300000
2018-07-16,0.634872,0.300000
2018-07-17,0.635400,0.300000
2018-07-18,0.635266,0.300000
2018-07-19,0.635100,0.300000
2018-07-20,0.633390,0.300000
2018-07-23,0.632621,0.300000
2018-07-24,0.629802,0.300000
2018-07-25,0.631770,0.300000
2018-07-26,0.630554,0.300000
2018-07-27,0.626901,0.300000
2018-07-30,0.626392,0.300000
2018-07-31,0.626022,0.300000
2018-08-01,0.626280,0.300000
2018-08-02,0.625499,0.300000
2018-08-03,0.623821,0.300000
2018-08-06,0.611370,0.300000
2018-08-07,0.609321,0.347722
2018-08-08,0.612736,0.369982
2018-08-09,0.605267,0.339250
2018-08-10,0.603593,0.414435
2018-08-13,0.602659,0.432873
2018-08-14,0.603428,0.444087
2018-08-15,0.599030,0.438512
2018-08-16,0.598405,0.483702
2018-08-17,0.599116,0.491783
2018-08-20,0.598856,0.486427
2018-08-21,0.600828,0.490661
2018-08-22,0.600914,0.472861
2018-08-23,0.602029,0.473672
2018-08-24,0.601920,0.464296
2018-08-27,0.599698,0.467083
2018-08-28,0.597230,0.490842
2018-08-29,0.597883,0.517049
2018-08-30,0.595775,0.512417
2018-08-31,0.594066,0.535408
2018-09-04,0.592573,0.554439
2018-09-05,0.592498,0.571316
2018-09-06,0.592940,0.573635
2018-09-07,0.587737,0.570650
2018-09-10,0.586914,0.624688
2018-09-11,0.586238,0.634441
2018-09-12,0.586334,0.642353
2018-09-13,0.585709,0.642460
2018-09-14,0.585734,0.649592
2018-09-17,0.584781,0.650081
2018-09-18,0.586504,0.660468
2018-09-19,0.586272,0.643544
2018-09-20,0.574481,0.646894
2018-09-21,0.573770,0.767900
2018-09-24,0.559693,0.775738
2018-09-25,0.551228,0.919543
2018-09-26,0.552034,1.000000
2018-09-27,0.549196,0.996224
2018-09-28,0.544810,1.000000
2018-10-01,0.540400,1.000000
2018-10-02,0.538456,1.000000
2018-10-03,0.535886,1.000000
2018-10-04,0.535275,1.000000
2018-10-05,0.534500,1.000000
2018-10-08,0.526212,1.000000
2018-10-09,0.527808,1.000000
2018-10-10,0.542772,1.000000
2018-10-11,0.538191,1.000000
2018-10-12,0.536367,1.000000
2018-10-15,0.534728,1.000000
2018-10-16,0.544784,1.000000
2018-10-17,0.544296,1.000000
2018-10-18,0.550612,1.000000
2018-10-19,0.547879,0.982898
2018-10-22,0.548398,1.000000
2018-10-23,0.549560,1.000000
2018-10-24,0.569238,0.993068
2018-10-25,0.575313,0.800616
2018-10-26,0.575621,0.742158
2018-10-29,0.575964,0.740587
2018-10-30,0.581083,0.739055
2018-10-31,0.581962,0.690098
2018-11-01,0.584531,0.683184
2018-11-02,0.581835,0.659217
2018-11-05,0.581467,0.687921
2018-11-06,0.581127,0.693307
2018-11-07,0.584592,0.698396
2018-11-08,0.583966,0.665170
2018-11-09,0.587211,0.673256
2018-11-12,0.593612,0.642004
2018-11-13,0.592300,0.578789
2018-11-14,0.592343,0.594021
2018-11-15,0.593368,0.596445
2018-11-16,0.592659,0.588447
2018-11-19,0.594532,0.598016
2018-11-20,0.599263,0.580847
2018-11-21,0.599609,0.533793
2018-11-23,0.600211,0.532404
2018-11-26,0.602046,0.528323
2018-11-27,0.599632,0.511240
2018-11-28,0.605743,0.539171
2018-11-29,0.604617,0.476444
2018-11-30,0.602807,0.490965
2018-12-03,0.603814,0.513028
2018-12-04,0.612061,0.504661
2018-12-06,0.610794,0.417421
2018-12-07,0.611783,0.433766
2018-12-10,0.610390,0.425379
2018-12-11,0.610985,0.443202
2018-12-12,0.612033,0.438996
2018-12-13,0.612388,0.429708
2018-12-14,0.614399,0.428159
2018-12-17,0.616272,0.407907
2018-12-18,0.615947,0.389063
2018-12-19,0.619484,0.395230
2018-12-20,0.615290,0.357057
2018-12-21,0.616794,0.407962
2018-12-24,0.615729,0.392939
2018-12-26,0.623308,0.407891
2018-12-27,0.621303,0.320957
2018-12-28,0.619874,0.347122
2018-12-31,0.619126,0.366552
2019-01-02,0.620477,0.377936
2019-01-03,0.624504,0.363865
2019-01-04,0.636368,0.316919
2019-01-07,0.636341,0.300000
2019-01-08,0.635657,0.300000
2019-01-09,0.635857,0.300000
2019-01-10,0.636853,0.300000
2019-01-11,0.636473,0.300000
2019-01-14,0.636393,0.300000
2019-01-15,0.637284,0.300000
2019-01-16,0.636518,0.300000
2019-01-17,0.636695,0.300000
2019-01-18,0.638688,0.300000
2019-01-22,0.642477,0.300000
2019-01-23,0.643353,0.300000
2019-01-24,0.644326,0.300000
2019-01-25,0.644627,0.300000
2019-01-28,0.645984,0.300000
2019-01-29,0.647218,0.300000
2019-01-30,0.648609,0.300000
2019-01-31,0.647674,0.300000
2019-02-01,0.648267,0.300000
2019-02-04,0.650982,0.300000
2019-02-05,0.650687,0.300000
2019-02-06,0.651025,0.300000
2019-02-07,0.651831,0.300000
2019-02-08,0.651538,0.300000
2019-02-11,0.651606,0.300000
2019-02-12,0.653221,0.300000
2019-02-13,0.653877,0.300000
2019-02-14,0.653559,0.300000
2019-02-15,0.652311,0.300000
2019-02-19,0.651742,0.300000
2019-02-20,0.652327,0.300000
2019-02-21,0.652078,0.300000
2019-02-22,0.651199,0.300000
2019-02-25,0.651599,0.300000
2019-02-26,0.651876,0.300000
2019-02-27,0.651636,0.300000
2019-02-28,0.650968,0.300000
2019-03-01,0.652082,0.300000
2019-03-04,0.651927,0.300000
2019-03-05,0.653413,0.300000
2019-03-06,0.653827,0.300000
2019-03-07,0.656576,0.300000
2019-03-08,0.657231,0.300000
2019-03-11,0.659017,0.300000
2019-03-12,0.659765,0.300000
2019-03-13,0.660439,0.300000
2019-03-14,0.659664,0.300000
2019-03-15,0.658439,0.300000
2019-03-18,0.658653,0.300000
2019-03-19,0.658679,0.300000
2019-03-20,0.658227,0.300000
2019-03-21,0.656692,0.300000
2019-03-22,0.662683,0.300000
2019-03-25,0.663418,0.300000
2019-03-26,0.663960,0.300000
2019-03-27,0.664194,0.300000
2019-03-28,0.663748,0.300000
2019-03-29,0.664532,0.300000
2019-04-01,0.666902,0.300000
2019-04-02,0.667706,0.300000
2019-04-03,0.669310,0.300000
2019-04-04,0.668695,0.300000
2019-04-05,0.671875,0.300000
2019-04-08,0.674433,0.300000
2019-04-09,0.676554,0.300000
2019-04-10,0.676818,0.300000
2019-04-11,0.675891,0.300000
2019-04-12,0.676611,0.300000
2019-04-15,0.672441,0.300000
2019-04-16,0.673672,0.300000
2019-04-17,0.673753,0.300000
2019-04-18,0.673100,0.300000
2019-04-22,0.674050,0.300000
2019-04-23,0.673101,0.300000
2019-04-24,0.673916,0.300000
2019-04-25,0.674616,0.300000
2019-04-26,0.673665,0.300000
2019-04-29,0.666155,0.300000
2019-04-30,0.663555,0.300000
2019-05-01,0.662433,0.300000
2019-05-02,0.663374,0.300000
2019-05-03,0.660313,0.300000
2019-05-06,0.658637,0.300000
2019-05-07,0.664312,0.300000
2019-05-08,0.667968,0.300000
2019-05-09,0.668321,0.300000
2019-05-10,0.668261,0.300000
2019-05-13,0.675404,0.300000
2019-05-14,0.679189,0.300000
2019-05-15,0.677878,0.300000
2019-05-16,0.676546,0.300000
2019-05-17,0.676794,0.300000
2019-05-20,0.676724,0.300000
2019-05-21,0.677999,0.300000
2019-05-22,0.678760,0.300000
2019-05-23,0.681718,0.300000
2019-05-24,0.680485,0.300000
2019-05-28,0.680362,0.300000
2019-05-29,0.679830,0.300000
2019-05-30,0.677137,0.300000
2019-05-31,0.679159,0.300000
2019-06-03,0.672106,0.300000
2019-06-04,0.673142,0.300000
2019-06-05,0.672553,0.300000
2019-06-06,0.675098,0.300000
2019-06-07,0.659891,0.300000
2019-06-10,0.662151,0.300000
2019-06-11,0.658965,0.300000
2019-06-12,0.660651,0.300000
2019-06-13,0.659918,0.300000
2019-06-14,0.659778,0.300000
2019-06-17,0.660991,0.300000
2019-06-18,0.658158,0.300000
2019-06-19,0.655265,0.300000
2019-06-20,0.653207,0.305611
2019-06-21,0.647016,0.327563
2019-06-24,0.650173,0.391163
2019-06-25,0.652930,0.359887
2019-06-26,0.649342,0.332938
2019-06-27,0.639699,0.370040
2019-06-28,0.639502,0.467991
2019-07-01,0.642353,0.470074
2019-07-02,0.642872,0.441386
2019-07-03,0.641816,0.436388
2019-07-05,0.631984,0.447336
2019-07-08,0.612884,0.546900
2019-07-09,0.612512,0.739547
2019-07-10,0.611714,0.742462
2019-07-11,0.609772,0.749633
2019-07-12,0.609013,0.768291
2019-07-15,0.608724,0.774901
2019-07-16,0.608164,0.776719
2019-07-17,0.608582,0.781233
2019-07-18,0.609133,0.775908
2019-07-19,0.608279,0.769241
2019-07-22,0.606576,0.776740
2019-07-23,0.601736,0.792730
2019-07-24,0.600836,0.840185
2019-07-25,0.601230,0.847820
2019-07-26,0.598687,0.842531
2019-07-29,0.597977,0.866613
2019-07-30,0.595459,0.872215
2019-07-31,0.595195,0.895973
2019-08-01,0.600677,0.897056
2019-08-02,0.604236,0.840843
2019-08-05,0.625130,0.804154
2019-08-06,0.624185,0.594651
2019-08-07,0.624539,0.604139
2019-08-08,0.623225,0.601119
2019-08-09,0.623391,0.614850
2019-08-12,0.628326,0.613608
2019-08-13,0.629134,0.565003
2019-08-14,0.645460,0.557881
2019-08-15,0.644227,0.395601
2019-08-16,0.651089,0.409586
2019-08-19,0.653987,0.342712
2019-08-20,0.653953,0.315839
2019-08-21,0.657199,0.318401
2019-08-22,0.656311,0.300000
2019-08-23,0.664881,0.300000
2019-08-26,0.666756,0.300000
2019-08-27,0.668080,0.300000
2019-08-28,0.669035,0.300000
2019-08-29,0.670505,0.300000
2019-08-30,0.670367,0.300000
2019-09-03,0.671468,0.300000
2019-09-04,0.671668,0.300000
2019-09-05,0.675861,0.300000
2019-09-06,0.674935,0.300000
2019-09-09,0.670131,0.300000
2019-09-10,0.668490,0.300000
2019-09-11,0.668490,0.300000
2019-09-12,0.669701,0.300000
2019-09-13,0.668908,0.300000
2019-09-16,0.668675,0.300000
2019-09-17,0.668546,0.300000
2019-09-18,0.669063,0.300000
2019-09-19,0.670105,0.300000
2019-09-20,0.662429,0.300000
2019-09-23,0.662637,0.300910
2019-09-24,0.664115,0.301397
2019-09-25,0.663692,0.300000
2019-09-26,0.663528,0.300000
2019-09-27,0.662895,0.300000
2019-09-30,0.659343,0.308423
2019-10-01,0.660117,0.347148
2019-10-02,0.659243,0.341256
2019-10-03,0.657889,0.352448
2019-10-04,0.656350,0.368863
2019-10-07,0.654906,0.387510
2019-10-08,0.655958,0.405484
2019-10-09,0.657280,0.395976
2019-10-10,0.660615,0.382810
2019-10-11,0.663790,0.345753
2019-10-14,0.664068,0.310020
2019-10-15,0.666905,0.307661
2019-10-16,0.667608,0.300000
2019-10-17,0.667618,0.300000
2019-10-18,0.667846,0.300000
2019-10-21,0.669968,0.300000
2019-10-22,0.670483,0.300000
2019-10-23,0.670889,0.300000
2019-10-24,0.670954,0.300000
2019-10-25,0.670869,0.300000
2019-10-28,0.672470,0.300000
2019-10-29,0.672264,0.300000
2019-10-30,0.671058,0.300000
2019-10-31,0.672009,0.300000
2019-11-01,0.674921,0.300000
2019-11-04,0.672279,0.300000
2019-11-05,0.671453,0.300000
2019-11-06,0.671867,0.300000
2019-11-07,0.671996,0.300000
2019-11-08,0.660951,0.300000
2019-11-11,0.659326,0.394357
2019-11-12,0.659976,0.422203
2019-11-13,0.660704,0.414440
2019-11-14,0.661325,0.405287
2019-11-15,0.663002,0.397708
2019-11-18,0.661897,0.372714
2019-11-19,0.661134,0.393276
2019-11-20,0.657532,0.408397
2019-11-21,0.658165,0.471658
2019-11-22,0.659617,0.463657
2019-11-25,0.661145,0.441452
2019-11-26,0.662021,0.417581
2019-11-27,0.661354,0.404796
2019-11-29,0.667330,0.419051
2019-12-02,0.664094,0.315267
2019-12-03,0.667447,0.375512
2019-12-04,0.669200,0.317225
2019-12-05,0.671954,0.300000
2019-12-06,0.672784,0.300000
2019-12-09,0.674168,0.300000
2019-12-10,0.674593,0.300000
2019-12-11,0.673225,0.300000
2019-12-12,0.675088,0.300000
2019-12-13,0.673803,0.300000
2019-12-16,0.677260,0.300000
2019-12-17,0.676223,0.300000
2019-12-18,0.681078,0.300000
2019-12-19,0.682174,0.300000
2019-12-20,0.682886,0.300000
2019-12-23,0.682629,0.300000
2019-12-24,0.683490,0.300000
2019-12-26,0.684512,0.300000
2019-12-27,0.685195,0.300000
2019-12-30,0.683523,0.300000
2019-12-31,0.685266,0.300000
2020-01-02,0.681111,0.300000
2020-01-03,0.687566,0.300000
2020-01-06,0.687201,0.300000
2020-01-07,0.687503,0.300000
2020-01-08,0.690357,0.300000
2020-01-09,0.691793,0.300000
2020-01-10,0.692056,0.300000
2020-01-13,0.693554,0.300000
2020-01-14,0.694306,0.300000
2020-01-15,0.692319,0.300000
2020-01-16,0.694379,0.300000
2020-01-17,0.696958,0.300000
2020-01-21,0.695079,0.300000
2020-01-22,0.693963,0.300000
2020-01-23,0.695432,0.300000
2020-01-24,0.699997,0.300000
2020-01-27,0.705594,0.300000
2020-01-28,0.708300,0.300000
2020-01-29,0.710949,0.300000
2020-01-30,0.712507,0.300000
2020-01-31,0.713780,0.300000
2020-02-03,0.714421,0.300000
2020-02-04,0.705271,0.300000
2020-02-05,0.708916,0.300000
2020-02-06,0.710228,0.300000
2020-02-07,0.715560,0.300000
2020-02-10,0.715962,0.300000
2020-02-11,0.710429,0.300000
2020-02-12,0.709361,0.300000
2020-02-13,0.693470,0.300000
2020-02-14,0.694981,0.300000
2020-02-18,0.691349,0.300000
2020-02-19,0.687916,0.300000
2020-02-20,0.687225,0.300000
2020-02-21,0.688522,0.300000
2020-02-24,0.705948,0.300000
2020-02-25,0.678979,0.300000
2020-02-26,0.675747,0.363248
2020-02-27,0.680030,0.418130
2020-02-28,0.669445,0.349338
2020-03-02,0.663743,0.525226
2020-03-03,0.670025,0.620176
2020-03-04,0.673192,0.517505
2020-03-05,0.689628,0.466414
2020-03-06,0.687400,0.300000
2020-03-09,0.710559,0.300000
2020-03-10,0.732008,0.300000
2020-03-11,0.708379,0.300000
2020-03-12,0.699497,0.300000
2020-03-13,0.712020,0.300000
2020-03-16,0.738886,0.300000
2020-03-17,0.745851,0.300000
2020-03-18,0.721623,0.300000
2020-03-19,0.717419,0.300000
2020-03-20,0.713057,0.300000
2020-03-23,0.712765,0.300000
2020-03-24,0.718274,0.300000
2020-03-25,0.715636,0.300000
2020-03-26,0.715475,0.300000
2020-03-27,0.717175,0.300000
2020-03-30,0.717522,0.300000
2020-03-31,0.716997,0.300000
2020-04-01,0.717569,0.300000
2020-04-02,0.717608,0.300000
2020-04-03,0.717658,0.300000
2020-04-06,0.720089,0.300000
2020-04-07,0.720165,0.300000
2020-04-08,0.719065,0.300000
2020-04-09,0.716934,0.300000
2020-04-13,0.715581,0.300000
2020-04-14,0.715270,0.300000
2020-04-15,0.716099,0.300000
2020-04-16,0.715433,0.300000
2020-04-17,0.714487,0.300000
2020-04-20,0.714538,0.300000
2020-04-21,0.715241,0.300000
2020-04-22,0.716036,0.300000
2020-04-23,0.715936,0.300000
2020-04-24,0.715554,0.300000
2020-04-27,0.715226,0.300000
2020-04-28,0.714035,0.300000
2020-04-29,0.714532,0.300000
2020-04-30,0.713373,0.300000
2020-05-01,0.713784,0.300000
2020-05-04,0.713885,0.300000
2020-05-05,0.713930,0.300000
2020-05-06,0.713379,0.300000
2020-05-07,0.713115,0.300000
2020-05-08,0.713084,0.300000
2020-05-11,0.713220,0.300000
2020-05-12,0.713020,0.300000
2020-05-13,0.712408,0.300000
2020-05-14,0.711944,0.300000
2020-05-15,0.711436,0.300000
2020-05-18,0.711647,0.300000
2020-05-19,0.711440,0.300000
2020-05-20,0.711254,0.300000
2020-05-21,0.711252,0.300000
2020-05-22,0.710657,0.300000
2020-05-26,0.709656,0.300000
2020-05-27,0.709278,0.300000
2020-05-28,0.708719,0.300000
2020-05-29,0.708140,0.300000
2020-06-01,0.707746,0.300000
2020-06-02,0.707675,0.300000
2020-06-03,0.707662,0.300000
2020-06-04,0.707201,0.300000
2020-06-05,0.706823,0.300000
2020-06-08,0.706754,0.300000
2020-06-09,0.706419,0.300000
2020-06-10,0.705320,0.300000
2020-06-11,0.708141,0.300000
2020-06-12,0.708526,0.300000
2020-06-15,0.707966,0.300000
2020-06-16,0.708389,0.300000
2020-06-17,0.707826,0.300000
2020-06-18,0.707913,0.300000
2020-06-19,0.707933,0.300000
2020-06-22,0.707998,0.300000
2020-06-23,0.708096,0.300000
2020-06-24,0.708488,0.300000
2020-06-25,0.708354,0.300000
2020-06-26,0.708505,0.300000
2020-06-29,0.708283,0.300000
2020-06-30,0.708075,0.300000
2020-07-01,0.707841,0.300000
2020-07-02,0.708111,0.300000
2020-07-06,0.707738,0.300000
2020-07-07,0.707905,0.300000
2020-07-08,0.707905,0.300000
2020-07-09,0.707554,0.300000
2020-07-10,0.707333,0.300000
2020-07-13,0.707267,0.300000
2020-07-14,0.707188,0.300000
2020-07-15,0.706658,0.300000
2020-07-16,0.706834,0.301570
2020-07-17,0.706814,0.301060
2020-07-20,0.706275,0.303098
2020-07-21,0.706159,0.312022
2020-07-22,0.706141,0.315189
2020-07-23,0.705769,0.316712
2020-07-24,0.705553,0.323058
2020-07-27,0.705809,0.327247
2020-07-28,0.705815,0.324362
2020-07-29,0.706076,0.324860
2020-07-30,0.706162,0.321082
2020-07-31,0.704676,0.319598
2020-08-03,0.704751,0.343513
2020-08-04,0.704546,0.342900
2020-08-05,0.704530,0.348143
2020-08-06,0.704458,0.350178
2020-08-07,0.703335,0.353171
2020-08-10,0.703228,0.374322
2020-08-11,0.702234,0.378033
2020-08-12,0.702046,0.397884
2020-08-13,0.701928,0.403505
2020-08-14,0.701872,0.408158
2020-08-17,0.701953,0.411687
2020-08-18,0.701710,0.412679
2020-08-19,0.701594,0.419711
2020-08-20,0.701522,0.424399
2020-08-21,0.700721,0.428211
2020-08-24,0.700369,0.446013
2020-08-25,0.700588,0.455003
2020-08-26,0.699961,0.452950
2020-08-27,0.699198,0.467166
2020-08-28,0.699692,0.483996
2020-08-31,0.700474,0.476360
2020-09-01,0.699738,0.463137
2020-09-02,0.698870,0.479452
2020-09-03,0.698318,0.498344
2020-09-04,0.691902,0.510782
2020-09-08,0.690288,0.638249
2020-09-09,0.696081,0.671776
2020-09-10,0.686763,0.559489
2020-09-11,0.685543,0.745832
2020-09-14,0.651277,0.771750
2020-09-15,0.638977,1.000000
2020-09-16,0.652578,1.000000
2020-09-17,0.656658,1.000000
2020-09-18,0.663478,1.000000
2020-09-21,0.668602,1.000000
2020-09-22,0.642823,1.000000
2020-09-23,0.648175,1.000000
2020-09-24,0.646464,1.000000
2020-09-25,0.637944,1.000000
2020-09-28,0.637291,1.000000
2020-09-29,0.638766,1.000000
2020-09-30,0.628578,1.000000
2020-10-01,0.629830,1.000000
2020-10-02,0.627110,1.000000
2020-10-05,0.616033,1.000000
2020-10-06,0.616642,1.000000
2020-10-07,0.618297,1.000000
2020-10-08,0.621405,1.000000
2020-10-09,0.624714,1.000000
2020-10-12,0.622639,1.000000
2020-10-13,0.616996,1.000000
2020-10-14,0.619056,1.000000
2020-10-15,0.616674,1.000000
2020-10-16,0.615032,1.000000
2020-10-19,0.608065,1.000000
2020-10-20,0.604754,1.000000
2020-10-21,0.604759,1.000000
2020-10-22,0.604943,1.000000
2020-10-23,0.603084,1.000000
2020-10-26,0.608274,1.000000
2020-10-27,0.602448,1.000000
2020-10-28,0.610646,1.000000
2020-10-29,0.605620,1.000000
2020-10-30,0.603994,1.000000
2020-11-02,0.602761,1.000000
2020-11-03,0.605657,1.000000
2020-11-04,0.599479,1.000000
2020-11-05,0.599538,1.000000
2020-11-06,0.599479,1.000000
2020-11-09,0.590213,1.000000
2020-11-10,0.587147,1.000000
2020-11-11,0.588277,1.000000
2020-11-12,0.591333,1.000000
2020-11-13,0.583901,1.000000
2020-11-16,0.584068,1.000000
2020-11-17,0.583448,1.000000
2020-11-18,0.583508,1.000000
2020-11-19,0.585027,1.000000
2020-11-20,0.585477,1.000000
2020-11-23,0.585117,1.000000
2020-11-24,0.588389,1.000000
2020-11-25,0.590034,1.000000
2020-11-27,0.590095,1.000000
2020-11-30,0.589035,1.000000
2020-12-01,0.591202,1.000000
2020-12-02,0.593122,1.000000
2020-12-03,0.591549,1.000000
2020-12-04,0.591933,1.000000
2020-12-07,0.591781,1.000000
2020-12-08,0.594829,1.000000
2020-12-09,0.564756,1.000000
2020-12-10,0.561872,1.000000
2020-12-11,0.564428,1.000000
2020-12-14,0.562127,1.000000
2020-12-15,0.565839,1.000000
2020-12-16,0.565661,1.000000
2020-12-17,0.566574,1.000000
2020-12-18,0.566046,1.000000
2020-12-21,0.565548,1.000000
2020-12-22,0.558736,1.000000
2020-12-23,0.558375,1.000000
2020-12-24,0.553976,1.000000
2020-12-28,0.553603,1.000000
2020-12-29,0.551801,1.000000
2020-12-30,0.552616,1.000000
2020-12-31,0.552814,1.000000
2021-01-04,0.549322,1.000000
2021-01-05,0.547616,1.000000
2021-01-06,0.540082,1.000000
2021-01-07,0.540980,1.000000
2021-01-08,0.537789,1.000000
2021-01-11,0.536925,1.000000
2021-01-12,0.536648,1.000000
2021-01-13,0.537603,1.000000
2021-01-14,0.534926,1.000000
2021-01-15,0.537606,1.000000
2021-01-19,0.539831,1.000000
2021-01-20,0.541638,1.000000
2021-01-21,0.541635,1.000000
2021-01-22,0.540584,1.000000
2021-01-25,0.540025,1.000000
2021-01-26,0.537750,1.000000
2021-01-27,0.543977,1.000000
2021-01-28,0.541787,1.000000
2021-01-29,0.544950,1.000000
2021-02-01,0.553945,1.000000
2021-02-02,0.553966,1.000000
2021-02-03,0.554069,1.000000
2021-02-04,0.551928,1.000000
2021-02-05,0.552984,1.000000
2021-02-08,0.555578,1.000000
2021-02-09,0.555447,1.000000
2021-02-10,0.556382,1.000000
2021-02-11,0.555644,1.000000
2021-02-12,0.556790,1.000000
2021-02-16,0.555782,1.000000
2021-02-17,0.555975,1.000000
2021-02-18,0.556896,1.000000
2021-02-19,0.555440,1.000000
2021-02-22,0.553298,1.000000
2021-02-23,0.553718,1.000000
2021-02-24,0.551994,1.000000
2021-02-25,0.558614,1.000000
2021-02-26,0.560624,1.000000
2021-03-01,0.567483,1.000000
2021-03-02,0.566786,1.000000
2021-03-03,0.568581,1.000000
2021-03-04,0.571339,1.000000
2021-03-05,0.574025,1.000000
2021-03-08,0.564687,1.000000
2021-03-09,0.568512,1.000000
2021-03-10,0.564362,1.000000
2021-03-11,0.561796,1.000000
2021-03-12,0.557067,1.000000
2021-03-15,0.558360,1.000000
2021-03-16,0.555516,1.000000
2021-03-17,0.555834,1.000000
2021-03-18,0.559887,1.000000
2021-03-19,0.559221,1.000000
2021-03-22,0.557065,1.000000
2021-03-23,0.558113,1.000000
2021-03-24,0.560610,1.000000
2021-03-25,0.554382,1.000000
2021-03-26,0.556483,1.000000
2021-03-29,0.556981,1.000000
2021-03-30,0.553229,1.000000
2021-03-31,0.552723,1.000000
2021-04-01,0.555293,1.000000
2021-04-05,0.554089,1.000000
2021-04-06,0.553980,1.000000
2021-04-07,0.549549,1.000000
2021-04-08,0.549920,1.000000
2021-04-09,0.547920,1.000000
2021-04-12,0.547704,1.000000
2021-04-13,0.546647,1.000000
2021-04-14,0.546717,1.000000
2021-04-15,0.547023,1.000000
2021-04-16,0.546650,1.000000
2021-04-19,0.548486,1.000000
2021-04-20,0.549004,1.000000
2021-04-21,0.550073,1.000000
2021-04-22,0.550661,1.000000
2021-04-23,0.551977,1.000000
2021-04-26,0.552672,1.000000
2021-04-27,0.552739,1.000000
2021-04-28,0.550071,1.000000
2021-04-29,0.550876,1.000000
2021-04-30,0.540383,1.000000
2021-05-03,0.539320,1.000000
2021-05-04,0.540644,1.000000
2021-05-05,0.538257,1.000000
2021-05-06,0.537445,1.000000
2021-05-07,0.540437,1.000000
2021-05-10,0.535130,1.000000
2021-05-11,0.534771,1.000000
2021-05-12,0.557987,1.000000
2021-05-13,0.561914,0.955934
2021-05-14,0.567367,0.930000
2021-05-17,0.567470,0.895073
2021-05-18,0.563226,0.891908
2021-05-19,0.562036,0.914609
2021-05-20,0.562991,0.919084
2021-05-21,0.561990,0.910743
2021-05-24,0.562359,0.914149
2021-05-25,0.562381,0.909313
2021-05-26,0.563780,0.906589
2021-05-27,0.565186,0.895528
2021-05-28,0.565419,0.884432
2021-06-01,0.564147,0.880491
2021-06-02,0.565158,0.885768
2021-06-03,0.565557,0.877039
2021-06-04,0.567170,0.872080
2021-06-07,0.566719,0.859612
2021-06-08,0.566943,0.859946
2021-06-09,0.568813,0.856083
2021-06-10,0.568198,0.841915
2021-06-11,0.566948,0.843345
2021-06-14,0.566897,0.848801
2021-06-15,0.567055,0.846675
2021-06-16,0.568624,0.843219
2021-06-17,0.562332,0.830724
2021-06-18,0.562058,0.868792
2021-06-21,0.561692,0.868102
2021-06-22,0.560862,0.868025
2021-06-23,0.560725,0.870990
2021-06-24,0.562036,0.869445
2021-06-25,0.562925,0.858353
2021-06-28,0.561696,0.850019
2021-06-29,0.562385,0.855795
2021-06-30,0.564717,0.848750
2021-07-01,0.564554,0.830571
2021-07-02,0.564466,0.829244
2021-07-06,0.569013,0.827420
2021-07-07,0.567817,0.793642
2021-07-08,0.577453,0.799460
2021-07-09,0.579154,0.729572
2021-07-12,0.587854,0.714902
2021-07-13,0.586923,0.650322
2021-07-14,0.586185,0.653989
2021-07-15,0.585940,0.656310
2021-07-16,0.590021,0.655071
2021-07-19,0.587594,0.622011
2021-07-20,0.585034,0.636754
2021-07-21,0.582644,0.652707
2021-07-22,0.582056,0.667610
2021-07-23,0.579974,0.668986
2021-07-26,0.578687,0.681887
2021-07-27,0.578949,0.688821
2021-07-28,0.571377,0.683693
2021-07-29,0.572051,0.740666
2021-07-30,0.570176,0.732469
2021-08-02,0.563773,0.744828
2021-08-03,0.564856,0.794553
2021-08-04,0.564237,0.783135
2021-08-05,0.568296,0.785824
2021-08-06,0.565879,0.748877
2021-08-09,0.564390,0.766906
2021-08-10,0.564647,0.777261
2021-08-11,0.564778,0.772475
2021-08-12,0.565440,0.768751
2021-08-13,0.564368,0.760159
2021-08-16,0.565153,0.767377
2021-08-17,0.566502,0.757467
2021-08-18,0.564911,0.741987
2021-08-19,0.565307,0.754511
2021-08-20,0.569966,0.747949
2021-08-23,0.573656,0.698569
2021-08-24,0.573933,0.657487
2021-08-25,0.561593,0.650484
2021-08-26,0.562491,0.777162
2021-08-27,0.559398,0.765242
2021-08-30,0.559090,0.797137
2021-08-31,0.557423,0.798941
2021-09-01,0.550076,0.816805
2021-09-02,0.548937,0.903352
2021-09-03,0.549875,0.918306
2021-09-07,0.539960,0.908187
2021-09-08,0.542473,1.000000
2021-09-09,0.540130,1.000000
2021-09-10,0.542717,1.000000
2021-09-13,0.542416,1.000000
2021-09-14,0.544005,1.000000
2021-09-15,0.542747,1.000000
2021-09-16,0.536795,1.000000
2021-09-17,0.536574,1.000000
2021-09-20,0.546192,1.000000
2021-09-21,0.541587,0.966490
2021-09-22,0.540361,1.000000
2021-09-23,0.542377,1.000000
2021-09-24,0.536256,1.000000
2021-09-27,0.534751,1.000000
2021-09-28,0.544095,1.000000
2021-09-29,0.544940,1.000000
2021-09-30,0.537381,0.990974
2021-10-01,0.536222,1.000000
2021-10-04,0.539078,1.000000
2021-10-05,0.541132,1.000000
2021-10-06,0.538404,1.000000
2021-10-07,0.541541,1.000000
2021-10-08,0.540846,1.000000
2021-10-11,0.541388,1.000000
2021-10-12,0.543358,1.000000
2021-10-13,0.543348,1.000000
2021-10-14,0.543883,1.000000
2021-10-15,0.542089,1.000000
2021-10-18,0.540047,1.000000
2021-10-19,0.539499,1.000000
2021-10-20,0.539036,1.000000
2021-10-21,0.535685,1.000000
2021-10-22,0.534325,1.000000
2021-10-25,0.534538,1.000000
2021-10-26,0.534709,1.000000
2021-10-27,0.535270,1.000000
2021-10-28,0.533692,1.000000
2021-10-29,0.534174,1.000000
2021-11-01,0.530622,1.000000
2021-11-02,0.532713,1.000000
2021-11-03,0.532518,1.000000
2021-11-04,0.528902,1.000000
2021-11-05,0.527184,1.000000
2021-11-08,0.528085,1.000000
2021-11-09,0.517981,1.000000
2021-11-10,0.516055,1.000000
2021-11-11,0.509278,1.000000
2021-11-12,0.510176,1.000000
2021-11-15,0.513564,1.000000
2021-11-16,0.513520,1.000000
2021-11-17,0.513307,1.000000
2021-11-18,0.511914,1.000000
2021-11-19,0.510553,1.000000
2021-11-22,0.512024,1.000000
2021-11-23,0.512191,1.000000
2021-11-24,0.512125,1.000000
2021-11-26,0.534611,1.000000
2021-11-29,0.536614,1.000000
2021-11-30,0.538644,1.000000
2021-12-01,0.536731,0.953324
2021-12-02,0.539134,0.996446
2021-12-03,0.542795,0.937571
2021-12-06,0.546856,0.847553
2021-12-07,0.555270,0.746437
2021-12-08,0.556862,0.536086
2021-12-09,0.558927,0.491437
2021-12-10,0.558596,0.438836
2021-12-13,0.562853,0.446791
2021-12-14,0.562537,0.339498
2021-12-15,0.566785,0.347491
2021-12-16,0.559183,0.300000
2021-12-17,0.554386,0.431186
2021-12-20,0.554507,0.550646
2021-12-21,0.560641,0.546363
2021-12-22,0.560500,0.390817
2021-12-23,0.561835,0.394604
2021-12-27,0.564238,0.361305
2021-12-28,0.564125,0.301997
2021-12-29,0.564082,0.306191
2021-12-30,0.563253,0.308819
2021-12-31,0.565215,0.330989
2022-01-03,0.567278,0.300000
2022-01-04,0.566474,0.300000
2022-01-05,0.566776,0.300000
2022-01-06,0.562746,0.300000
2022-01-07,0.560077,0.354479
2022-01-10,0.560894,0.423318
2022-01-11,0.563287,0.404899
2022-01-12,0.561689,0.347092
2022-01-13,0.563076,0.389404
2022-01-14,0.558074,0.356795
2022-01-18,0.559193,0.484892
2022-01-19,0.556407,0.458376
2022-01-20,0.557234,0.530315
2022-01-21,0.565449,0.510831
2022-01-24,0.561619,0.304805
2022-01-25,0.559920,0.403982
2022-01-26,0.561140,0.449099
2022-01-27,0.562619,0.419723
2022-01-28,0.559772,0.384010
2022-01-31,0.568738,0.458009
2022-02-01,0.569324,0.300000
2022-02-02,0.568199,0.300000
2022-02-03,0.568631,0.300000
2022-02-04,0.570434,0.300000
2022-02-07,0.570064,0.300000
2022-02-08,0.571722,0.300000
2022-02-09,0.574528,0.300000
2022-02-10,0.574337,0.300000
2022-02-11,0.577597,0.300000
2022-02-14,0.577405,0.300000
2022-02-15,0.581947,0.300000
2022-02-16,0.581937,0.300000
2022-02-17,0.587176,0.300000
2022-02-18,0.588616,0.300000
2022-02-22,0.588487,0.300000
2022-02-23,0.589054,0.300000
2022-02-24,0.574240,0.300000
2022-02-25,0.575824,0.300000
2022-02-28,0.573503,0.300000
2022-03-01,0.577456,0.300000
2022-03-02,0.581955,0.300000
2022-03-03,0.583734,0.300000
2022-03-04,0.586807,0.300000
2022-03-07,0.592821,0.300000
2022-03-08,0.591179,0.300000
2022-03-09,0.603263,0.300000
2022-03-10,0.601772,0.300000
2022-03-11,0.603121,0.300000
2022-03-14,0.597044,0.300000
2022-03-15,0.597454,0.300000
2022-03-16,0.593685,0.300000
2022-03-17,0.594010,0.300000
2022-03-18,0.595161,0.300000
2022-03-21,0.589877,0.300000
2022-03-22,0.592632,0.300000
2022-03-23,0.594905,0.300000
2022-03-24,0.592718,0.300000
2022-03-25,0.593139,0.300000
2022-03-28,0.593619,0.300000
2022-03-29,0.595518,0.300000
2022-03-30,0.596119,0.300000
2022-03-31,0.597898,0.300000
2022-04-01,0.598433,0.300000
2022-04-04,0.597350,0.300000
2022-04-05,0.595238,0.300000
2022-04-06,0.596297,0.300000
2022-04-07,0.594539,0.300000
2022-04-08,0.594221,0.300000
2022-04-11,0.593739,0.300000
2022-04-12,0.593854,0.300000
2022-04-13,0.595673,0.300000
2022-04-14,0.594741,0.300000
2022-04-18,0.594327,0.300000
2022-04-19,0.594665,0.300000
2022-04-20,0.593052,0.300000
2022-04-21,0.593749,0.300000
2022-04-22,0.592848,0.300000
2022-04-25,0.592172,0.300000
2022-04-26,0.596867,0.300000
2022-04-27,0.597045,0.300000
2022-04-28,0.597710,0.300000
2022-04-29,0.592433,0.300000
2022-05-02,0.593357,0.300000
2022-05-03,0.594147,0.300000
2022-05-04,0.594222,0.300000
2022-05-05,0.596829,0.300000
2022-05-06,0.597620,0.300000
2022-05-09,0.601158,0.300000
2022-05-10,0.601306,0.300000
2022-05-11,0.601619,0.300000
2022-05-12,0.600956,0.300000
2022-05-13,0.606506,0.300000
2022-05-16,0.606371,0.300000
2022-05-17,0.609629,0.300000
2022-05-18,0.613574,0.300000
2022-05-19,0.612077,0.300000
2022-05-20,0.612578,0.300000
2022-05-23,0.613804,0.300000
2022-05-24,0.614985,0.300000
2022-05-25,0.614769,0.300000
2022-05-26,0.616489,0.300000
2022-05-27,0.613981,0.300000
2022-05-31,0.612787,0.300000
2022-06-01,0.613400,0.300000
2022-06-02,0.614345,0.300000
2022-06-03,0.614022,0.300000
2022-06-06,0.613701,0.300000
2022-06-07,0.612652,0.300000
2022-06-08,0.610064,0.300000
2022-06-09,0.611300,0.300000
2022-06-10,0.612972,0.300000
2022-06-13,0.613782,0.300000
2022-06-14,0.612215,0.300000
2022-06-15,0.612563,0.300000
2022-06-16,0.616143,0.300000
2022-06-17,0.616945,0.300000
2022-06-21,0.619216,0.300000
2022-06-22,0.618917,0.300000
2022-06-23,0.617807,0.300000
2022-06-24,0.620434,0.300000
2022-06-27,0.620043,0.300000
2022-06-28,0.619673,0.300000
2022-06-29,0.619569,0.300000
2022-06-30,0.619656,0.300000
2022-07-01,0.619457,0.300000
2022-07-05,0.616157,0.300000
2022-07-06,0.615108,0.300000
2022-07-07,0.616808,0.300000
2022-07-08,0.616894,0.300000
2022-07-11,0.617771,0.300000
2022-07-12,0.618532,0.300000
2022-07-13,0.618735,0.300000
2022-07-14,0.618128,0.300000
2022-07-15,0.619301,0.300000
2022-07-18,0.618517,0.300000
2022-07-19,0.619987,0.300000
2022-07-20,0.618506,0.300000
2022-07-21,0.618841,0.300000
2022-07-22,0.619863,0.300000
2022-07-25,0.618872,0.300000
2022-07-26,0.621557,0.300000
2022-07-27,0.622875,0.300000
2022-07-28,0.623195,0.300000
2022-07-29,0.622827,0.300000
2022-08-01,0.623523,0.300000
2022-08-02,0.621915,0.300000
2022-08-03,0.621593,0.300000
2022-08-04,0.622234,0.300000
2022-08-05,0.621816,0.300000
2022-08-08,0.621448,0.300000
2022-08-09,0.621594,0.300000
2022-08-10,0.622566,0.300000
2022-08-11,0.621750,0.300000
2022-08-12,0.621883,0.300000
2022-08-15,0.620662,0.300000
2022-08-16,0.620718,0.300000
2022-08-17,0.619093,0.300000
2022-08-18,0.619003,0.300000
2022-08-19,0.618635,0.300000
2022-08-22,0.618835,0.300000
2022-08-23,0.618371,0.300000
2022-08-24,0.618116,0.300000
2022-08-25,0.625542,0.300000
2022-08-26,0.625920,0.300000
2022-08-29,0.627441,0.300000
2022-08-30,0.627588,0.300000
2022-08-31,0.627918,0.300000
2022-09-01,0.627590,0.300000
2022-09-02,0.628866,0.300000
2022-09-06,0.627760,0.300000
2022-09-07,0.629582,0.300000
2022-09-08,0.631826,0.300000
2022-09-09,0.633332,0.300000
2022-09-12,0.633091,0.300000
2022-09-13,0.639826,0.300000
2022-09-14,0.642257,0.300000
2022-09-15,0.647671,0.300000
2022-09-16,0.647996,0.300000
2022-09-19,0.648344,0.300000
2022-09-20,0.649260,0.300000
2022-09-21,0.649494,0.300000
2022-09-22,0.650313,0.300000
2022-09-23,0.650763,0.300000
2022-09-26,0.651625,0.300000
2022-09-27,0.652797,0.300000
2022-09-28,0.655393,0.300000
2022-09-29,0.656815,0.300000
2022-09-30,0.656669,0.300000
2022-10-03,0.662314,0.300000
2022-10-04,0.667024,0.300000
2022-10-05,0.665434,0.300000
2022-10-06,0.665102,0.300000
2022-10-07,0.667868,0.300000
2022-10-10,0.668796,0.300000
2022-10-11,0.668709,0.300000
2022-10-12,0.669026,0.300000
2022-10-13,0.666261,0.300000
2022-10-14,0.667845,0.300000
2022-10-17,0.669801,0.300000
2022-10-18,0.672846,0.300000
2022-10-19,0.674112,0.300000
2022-10-20,0.672898,0.300000
2022-10-21,0.673952,0.300000
2022-10-24,0.668590,0.300000
2022-10-25,0.669999,0.300000
2022-10-26,0.667988,0.300000
2022-10-27,0.666322,0.300000
2022-10-28,0.666739,0.300000
2022-10-31,0.668958,0.300000
2022-11-01,0.666872,0.300000
2022-11-02,0.665188,0.300000
2022-11-03,0.660204,0.300000
2022-11-04,0.660059,0.300000
2022-11-07,0.655244,0.300000
2022-11-08,0.655556,0.300000
2022-11-09,0.658774,0.300000
2022-11-10,0.677384,0.300000
2022-11-11,0.679355,0.300000
2022-11-14,0.680031,0.300000
2022-11-15,0.682026,0.300000
2022-11-16,0.683158,0.300000
2022-11-17,0.684804,0.300000
2022-11-18,0.684569,0.300000
2022-11-21,0.684974,0.300000
2022-11-22,0.687803,0.300000
2022-11-23,0.689178,0.300000
2022-11-25,0.689330,0.300000
2022-11-28,0.689475,0.300000
2022-11-29,0.689181,0.300000
2022-11-30,0.693369,0.300000
2022-12-01,0.689545,0.300000
2022-12-02,0.688200,0.300000
2022-12-05,0.690741,0.300000
2022-12-06,0.688989,0.300000
2022-12-07,0.688966,0.300000
2022-12-08,0.688303,0.300000
2022-12-09,0.691961,0.300000
2022-12-12,0.678552,0.300000
2022-12-13,0.680703,0.300000
2022-12-14,0.678240,0.300000
2022-12-15,0.686356,0.300000
2022-12-16,0.685916,0.300000
2022-12-19,0.687587,0.300000
2022-12-20,0.688036,0.300000
2022-12-21,0.688966,0.300000
2022-12-22,0.690908,0.300000
2022-12-23,0.690815,0.300000
2022-12-27,0.689302,0.300000
2022-12-28,0.690705,0.300000
2022-12-29,0.692699,0.300000
2022-12-30,0.692611,0.300000
2023-01-03,0.697191,0.300000
2023-01-04,0.698733,0.300000
2023-01-05,0.699319,0.300000
2023-01-06,0.703993,0.300000
2023-01-09,0.704931,0.300000
2023-01-10,0.704400,0.300000
2023-01-11,0.704844,0.300000
2023-01-12,0.705823,0.300000
2023-01-13,0.706167,0.300000
2023-01-17,0.706566,0.300000
2023-01-18,0.705557,0.300000
2023-01-19,0.705822,0.300000
2023-01-20,0.702513,0.300000
2023-01-23,0.703270,0.300000
2023-01-24,0.703575,0.300000
2023-01-25,0.703533,0.300000
2023-01-26,0.700347,0.300000
2023-01-27,0.699334,0.300000
2023-01-30,0.700953,0.300000
2023-01-31,0.701104,0.300000
2023-02-01,0.702741,0.300000
2023-02-02,0.694201,0.300000
2023-02-03,0.696205,0.300000
2023-02-06,0.697022,0.300000
2023-02-07,0.696803,0.300000
2023-02-08,0.696277,0.300000
2023-02-09,0.697079,0.300000
2023-02-10,0.697199,0.300000
2023-02-13,0.695454,0.300000
2023-02-14,0.696825,0.300000
2023-02-15,0.695235,0.300000
2023-02-16,0.694555,0.300000
2023-02-17,0.694300,0.300000
2023-02-21,0.693888,0.300000
2023-02-22,0.692306,0.300000
2023-02-23,0.692775,0.300000
2023-02-24,0.694248,0.300000
2023-02-27,0.693122,0.300000
2023-02-28,0.691320,0.300000
2023-03-01,0.688894,0.300000
2023-03-02,0.687980,0.300000
2023-03-03,0.690313,0.300000
2023-03-06,0.690402,0.300000
2023-03-07,0.692347,0.300000
2023-03-08,0.691684,0.300000
2023-03-09,0.687242,0.300000
2023-03-10,0.680210,0.300000
2023-03-13,0.675541,0.300000
2023-03-14,0.672683,0.300000
2023-03-15,0.660938,0.328130
2023-03-16,0.661060,0.452199
2023-03-17,0.653114,0.453108
2023-03-20,0.652348,0.538301
2023-03-21,0.648737,0.548556
2023-03-22,0.643369,0.588741
2023-03-23,0.643579,0.647899
2023-03-24,0.641984,0.648029
2023-03-27,0.637855,0.667279
2023-03-28,0.635136,0.713855
2023-03-29,0.634658,0.745467
2023-03-30,0.630334,0.753015
2023-03-31,0.627274,0.802102
2023-04-03,0.626808,0.837537
2023-04-04,0.619742,0.844641
2023-04-05,0.613720,0.923740
2023-04-06,0.613548,0.991380
2023-04-10,0.612937,0.995043
2023-04-11,0.606850,1.000000
2023-04-12,0.604627,1.000000
2023-04-13,0.606046,1.000000
2023-04-14,0.606857,1.000000
2023-04-17,0.608469,1.000000
2023-04-18,0.603485,1.000000
2023-04-19,0.600178,1.000000
2023-04-20,0.600151,1.000000
2023-04-21,0.597416,1.000000
2023-04-24,0.597645,1.000000
2023-04-25,0.596023,1.000000
2023-04-26,0.603720,1.000000
2023-04-27,0.601622,1.000000
2023-04-28,0.605709,1.000000
2023-05-01,0.606362,1.000000
2023-05-02,0.608820,1.000000
2023-05-03,0.607971,1.000000
2023-05-04,0.609388,1.000000
2023-05-05,0.605365,1.000000
2023-05-08,0.606225,1.000000
2023-05-09,0.607038,1.000000
2023-05-10,0.607145,1.000000
2023-05-11,0.606622,1.000000
2023-05-12,0.603618,1.000000
2023-05-15,0.572645,1.000000
2023-05-16,0.571941,1.000000
2023-05-17,0.570860,1.000000
2023-05-18,0.567926,1.000000
2023-05-19,0.566830,1.000000
2023-05-22,0.566282,1.000000
2023-05-23,0.567532,1.000000
2023-05-24,0.567578,1.000000
2023-05-25,0.564015,1.000000
2023-05-26,0.565441,1.000000
2023-05-30,0.564884,1.000000
2023-05-31,0.564020,1.000000
2023-06-01,0.568403,1.000000
2023-06-02,0.560488,1.000000
2023-06-05,0.560992,1.000000
2023-06-06,0.559718,1.000000
2023-06-07,0.553017,1.000000
2023-06-08,0.552634,1.000000
2023-06-09,0.552080,1.000000
2023-06-12,0.551374,1.000000
2023-06-13,0.551919,1.000000
2023-06-14,0.552065,1.000000
2023-06-15,0.552395,1.000000
2023-06-16,0.552767,1.000000
2023-06-20,0.544406,1.000000
2023-06-21,0.544556,1.000000
2023-06-22,0.543534,1.000000
2023-06-23,0.545706,1.000000
2023-06-26,0.543161,1.000000
2023-06-27,0.543360,1.000000
2023-06-28,0.543191,1.000000
2023-06-29,0.545463,1.000000
2023-06-30,0.543537,1.000000
2023-07-03,0.539267,1.000000
2023-07-05,0.539354,1.000000
2023-07-06,0.542963,1.000000
2023-07-07,0.543099,1.000000
2023-07-10,0.541599,1.000000
2023-07-11,0.538272,1.000000
2023-07-12,0.538224,1.000000
2023-07-13,0.538473,1.000000
2023-07-14,0.538192,1.000000
2023-07-17,0.539157,1.000000
2023-07-18,0.537561,1.000000
2023-07-19,0.537762,1.000000
2023-07-20,0.536377,1.000000
2023-07-21,0.537630,1.000000
2023-07-24,0.533217,1.000000
2023-07-25,0.532293,1.000000
2023-07-26,0.531588,1.000000
2023-07-27,0.531935,1.000000
2023-07-28,0.533019,1.000000
2023-07-31,0.533187,1.000000
2023-08-01,0.530747,1.000000
2023-08-02,0.536102,1.000000
2023-08-03,0.533973,1.000000
2023-08-04,0.538682,1.000000
2023-08-07,0.537387,1.000000
2023-08-08,0.536518,1.000000
2023-08-09,0.535311,1.000000
2023-08-10,0.534708,1.000000
2023-08-11,0.536004,1.000000
2023-08-14,0.535373,1.000000
2023-08-15,0.535664,1.000000
2023-08-16,0.537018,1.000000
2023-08-17,0.538278,1.000000
2023-08-18,0.539061,1.000000
2023-08-21,0.539474,1.000000
2023-08-22,0.537018,1.000000
2023-08-23,0.538181,1.000000
2023-08-24,0.538806,1.000000
2023-08-25,0.536852,1.000000
2023-08-28,0.537746,1.000000
2023-08-29,0.539694,1.000000
2023-08-30,0.543962,1.000000
2023-08-31,0.543395,1.000000
2023-09-01,0.541403,1.000000
2023-09-05,0.541340,1.000000
2023-09-06,0.539303,1.000000
2023-09-07,0.539975,1.000000
2023-09-08,0.535410,1.000000
2023-09-11,0.532589,1.000000
2023-09-12,0.534178,1.000000
2023-09-13,0.533275,1.000000
2023-09-14,0.538774,1.000000
2023-09-15,0.534862,1.000000
2023-09-18,0.535413,1.000000
2023-09-19,0.536134,1.000000
2023-09-20,0.535707,1.000000
2023-09-21,0.549520,1.000000
2023-09-22,0.549387,1.000000
2023-09-25,0.549664,1.000000
2023-09-26,0.556917,1.000000
2023-09-27,0.558402,0.999018
2023-09-28,0.558768,0.987070
2023-09-29,0.558287,0.982018
2023-10-02,0.556837,0.982112
2023-10-03,0.562462,0.988051
2023-10-04,0.564849,0.951113
2023-10-05,0.563707,0.934013
2023-10-06,0.565677,0.938345
2023-10-09,0.565933,0.923828
2023-10-10,0.566949,0.919781
2023-10-11,0.569427,0.911135
2023-10-12,0.567690,0.893684
2023-10-13,0.561896,0.901837
2023-10-16,0.562692,0.934471
2023-10-17,0.562191,0.927058
2023-10-18,0.564548,0.927518
2023-10-19,0.566348,0.910674
2023-10-20,0.568415,0.897268
2023-10-23,0.568099,0.882307
2023-10-24,0.568249,0.881858
2023-10-25,0.572813,0.878579
2023-10-26,0.568601,0.848576
2023-10-27,0.567125,0.871980
2023-10-30,0.567491,0.878668
2023-10-31,0.569659,0.874145
2023-11-01,0.573620,0.858683
2023-11-02,0.584188,0.832343
2023-11-03,0.587026,0.765833
2023-11-06,0.585360,0.746704
2023-11-07,0.583949,0.755234
2023-11-08,0.582960,0.762174
2023-11-09,0.584066,0.766587
2023-11-10,0.583441,0.758148
2023-11-13,0.584374,0.760285
2023-11-14,0.596697,0.752560
2023-11-15,0.596416,0.674690
2023-11-16,0.597553,0.674552
2023-11-17,0.597153,0.665592
2023-11-20,0.598423,0.666134
2023-11-21,0.598104,0.656247
2023-11-22,0.596627,0.656257
2023-11-24,0.600380,0.663501
2023-11-27,0.596527,0.637863
2023-11-28,0.598425,0.660038
2023-11-29,0.598103,0.645906
2023-11-30,0.595265,0.645807
2023-12-01,0.600627,0.661731
2023-12-04,0.600404,0.625205
2023-12-05,0.599309,0.624451
2023-12-06,0.602081,0.629345
2023-12-07,0.601319,0.609184
2023-12-08,0.600690,0.611916
2023-12-11,0.600513,0.613784
2023-12-12,0.601308,0.612713
2023-12-13,0.610219,0.605151
2023-12-14,0.607858,0.544410
2023-12-15,0.606729,0.557976
2023-12-18,0.607442,0.563470
2023-12-19,0.609556,0.556460
2023-12-20,0.613243,0.540053
2023-12-21,0.615095,0.512949
2023-12-22,0.616130,0.498078
2023-12-26,0.617111,0.488625
2023-12-27,0.617733,0.479399
2023-12-28,0.618682,0.472573
2023-12-29,0.616561,0.463510
2024-01-02,0.618720,0.475507
2024-01-03,0.618989,0.457783
2024-01-04,0.616012,0.453119
2024-01-05,0.617827,0.470958
2024-01-08,0.618009,0.455029
2024-01-09,0.616451,0.450518
2024-01-10,0.612347,0.458151
2024-01-11,0.610135,0.484125
2024-01-12,0.609652,0.496645
2024-01-16,0.610511,0.496610
2024-01-17,0.612491,0.486603
2024-01-18,0.612853,0.468089
2024-01-19,0.612235,0.461432
2024-01-22,0.609477,0.462119
2024-01-23,0.610160,0.479093
2024-01-24,0.607991,0.469942
2024-01-25,0.608699,0.482747
2024-01-26,0.606092,0.473120
2024-01-29,0.605192,0.489566
2024-01-30,0.604849,0.492732
2024-01-31,0.601938,0.491480
2024-02-01,0.600534,0.510995
2024-02-02,0.595263,0.518388
2024-02-05,0.596861,0.557950
2024-02-06,0.596404,0.540824
2024-02-07,0.595450,0.540744
2024-02-08,0.595035,0.544852
2024-02-09,0.595453,0.544353
2024-02-12,0.594345,0.536539
2024-02-13,0.605285,0.542031
2024-02-14,0.604595,0.439599
2024-02-15,0.602297,0.440719
2024-02-16,0.600956,0.456472
2024-02-20,0.599787,0.463695
2024-02-21,0.601505,0.469450
2024-02-22,0.601304,0.447761
2024-02-23,0.596355,0.444102
2024-02-26,0.594826,0.486929
2024-02-27,0.594264,0.496695
2024-02-28,0.593068,0.496796
2024-02-29,0.589091,0.503417
2024-03-01,0.592718,0.539228
2024-03-04,0.593066,0.495748
2024-03-05,0.592774,0.486301
2024-03-06,0.592288,0.483309
2024-03-07,0.592668,0.482296
2024-03-08,0.591425,0.471196
2024-03-11,0.591209,0.478409
2024-03-12,0.589612,0.474102
2024-03-13,0.589391,0.486776
2024-03-14,0.590787,0.483411
2024-03-15,0.590636,0.460096
2024-03-18,0.590216,0.456702
2024-03-19,0.590056,0.456571
2024-03-20,0.591953,0.453810
2024-03-21,0.591953,0.424303
2024-03-22,0.583035,0.419534
2024-03-25,0.584469,0.533326
2024-03-26,0.585754,0.510277
2024-03-27,0.582031,0.488998
2024-03-28,0.582042,0.535937
2024-04-01,0.581454,0.532384
2024-04-02,0.580092,0.537076
2024-04-03,0.581751,0.552897
2024-04-04,0.575359,0.526725
2024-04-05,0.575320,0.613871
2024-04-08,0.576311,0.611987
2024-04-09,0.576338,0.595768
2024-04-10,0.584380,0.593245
2024-04-11,0.585180,0.475983
2024-04-12,0.589330,0.462921
2024-04-15,0.585750,0.401922
2024-04-16,0.589936,0.452111
2024-04-17,0.590628,0.390167
2024-04-18,0.591004,0.378613
2024-04-19,0.587238,0.372107
2024-04-22,0.582757,0.425924
2024-04-23,0.582626,0.490019
2024-04-24,0.583078,0.490951
2024-04-25,0.581808,0.483364
2024-04-26,0.578563,0.501016
2024-04-29,0.582040,0.546939
2024-04-30,0.592046,0.494605
2024-05-01,0.592300,0.346311
2024-05-02,0.594089,0.341274
2024-05-03,0.594219,0.313421
2024-05-06,0.587297,0.310113
2024-05-07,0.584109,0.410777
2024-05-08,0.586293,0.456548
2024-05-09,0.589047,0.422424
2024-05-10,0.589940,0.379734
2024-05-13,0.587698,0.364807
2024-05-14,0.591153,0.396813
2024-05-15,0.595491,0.343710
2024-05-16,0.579948,0.300000
2024-05-17,0.580337,0.514367
2024-05-20,0.582587,0.509081
2024-05-21,0.584295,0.476138
2024-05-22,0.584460,0.451522
2024-05-23,0.588325,0.450154
2024-05-24,0.589101,0.393385
2024-05-28,0.589678,0.383098
2024-05-29,0.595427,0.376035
2024-05-30,0.592150,0.300000
2024-05-31,0.589214,0.342722
2024-06-03,0.588881,0.388286
2024-06-04,0.584988,0.394571
2024-06-05,0.589920,0.454297
2024-06-06,0.591587,0.382110
2024-06-07,0.595820,0.359031
2024-06-10,0.595681,0.300000
2024-06-11,0.593983,0.302592
2024-06-12,0.597305,0.330371
2024-06-13,0.593323,0.300000
2024-06-14,0.580158,0.345143
2024-06-17,0.579036,0.544516
2024-06-18,0.579527,0.562924
2024-06-20,0.579141,0.557060
2024-06-21,0.577618,0.564861
2024-06-24,0.571906,0.589886
2024-06-25,0.569110,0.678587
2024-06-26,0.569860,0.722923
2024-06-27,0.568666,0.713449
2024-06-28,0.567375,0.733704
2024-07-01,0.566931,0.755521
2024-07-02,0.567398,0.764129
2024-07-03,0.566304,0.758874
2024-07-05,0.564884,0.778232
2024-07-08,0.563841,0.802725
2024-07-09,0.563530,0.821027
2024-07-10,0.564361,0.827886
2024-07-11,0.549864,0.816986
2024-07-12,0.551220,1.000000
2024-07-15,0.547082,1.000000
2024-07-16,0.547840,1.000000
2024-07-17,0.547939,1.000000
2024-07-18,0.549296,1.000000
2024-07-19,0.552591,1.000000
2024-07-22,0.553001,1.000000
2024-07-23,0.554660,1.000000
2024-07-24,0.565063,0.986406
2024-07-25,0.565669,0.821522
2024-07-26,0.569357,0.815228
2024-07-29,0.569239,0.758386
2024-07-30,0.565905,0.763966
2024-07-31,0.573622,0.823061
2024-08-01,0.578397,0.697303
2024-08-02,0.570995,0.620160
2024-08-05,0.587611,0.749364
2024-08-06,0.584916,0.467621
2024-08-07,0.585010,0.516733
2024-08-08,0.593176,0.517823
2024-08-09,0.594599,0.377579
2024-08-12,0.593949,0.354915
2024-08-13,0.597326,0.368813
2024-08-14,0.588091,0.310820
2024-08-15,0.588737,0.479651
2024-08-16,0.588542,0.470656
2024-08-19,0.590584,0.476958
2024-08-20,0.591717,0.441907
2024-08-21,0.591462,0.423384
2024-08-22,0.594531,0.430702
2024-08-23,0.598153,0.375156
2024-08-26,0.598332,0.308409
2024-08-27,0.598389,0.307169
2024-08-28,0.599974,0.308155
2024-08-29,0.599573,0.300000
2024-08-30,0.595227,0.300000
2024-09-03,0.600558,0.377985
2024-09-04,0.601480,0.300000
2024-09-05,0.600589,0.300000
2024-09-06,0.604738,0.300000
2024-09-09,0.606283,0.300000
2024-09-10,0.605446,0.300000
2024-09-11,0.606989,0.300000
2024-09-12,0.609138,0.300000
2024-09-13,0.608268,0.300000
2024-09-16,0.607987,0.300000
2024-09-17,0.608073,0.300000
2024-09-18,0.609185,0.300000
2024-09-19,0.612410,0.300000
2024-09-20,0.611398,0.300000
2024-09-23,0.611179,0.300000
2024-09-24,0.605489,0.300000
2024-09-25,0.605566,0.300000
2024-09-26,0.600442,0.300000
2024-09-27,0.600422,0.319592
2024-09-30,0.599078,0.322465
2024-10-01,0.598567,0.357569
2024-10-02,0.596116,0.372502
2024-10-03,0.595315,0.435428
2024-10-04,0.595594,0.457765
2024-10-07,0.594553,0.453185
2024-10-08,0.587541,0.481727
2024-10-09,0.582572,0.660845
2024-10-10,0.581739,0.789035
2024-10-11,0.576749,0.812513
2024-10-14,0.578423,0.941222
2024-10-15,0.577489,0.900410
2024-10-16,0.577356,0.927659
2024-10-17,0.577557,0.934242
2024-10-18,0.579409,0.932344
2024-10-21,0.583564,0.886990
2024-10-22,0.582453,0.780926
2024-10-23,0.584935,0.812341
2024-10-24,0.585131,0.749283
2024-10-25,0.583691,0.746465
2024-10-28,0.583095,0.786347
2024-10-29,0.575376,0.804530
2024-10-30,0.575924,1.000000
2024-10-31,0.578095,1.000000
2024-11-01,0.577146,0.943831
2024-11-04,0.575906,0.970196
2024-11-05,0.578009,1.000000
2024-11-06,0.549406,0.944000
2024-11-07,0.549551,1.000000
2024-11-08,0.545916,1.000000
2024-11-11,0.544290,1.000000
2024-11-12,0.544735,1.000000
2024-11-13,0.542249,1.000000
2024-11-14,0.542063,1.000000
2024-11-15,0.541749,1.000000
2024-11-18,0.542506,1.000000
2024-11-19,0.542627,1.000000
2024-11-20,0.542148,1.000000
2024-11-21,0.540181,1.000000
2024-11-22,0.539699,1.000000
2024-11-25,0.536394,1.000000
2024-11-26,0.532841,1.000000
2024-11-27,0.534385,1.000000
2024-11-29,0.536856,1.000000
2024-12-02,0.536705,1.000000
2024-12-03,0.536757,1.000000
2024-12-04,0.533626,1.000000
2024-12-05,0.532956,1.000000
2024-12-06,0.531994,1.000000
2024-12-09,0.528143,1.000000
2024-12-10,0.528323,1.000000
2024-12-11,0.527490,1.000000
2024-12-12,0.530609,1.000000
2024-12-13,0.532295,1.000000
2024-12-16,0.531129,1.000000
2024-12-17,0.531594,1.000000
2024-12-18,0.549262,1.000000
2024-12-19,0.549237,1.000000
2024-12-20,0.550630,1.000000
2024-12-23,0.550782,1.000000
2024-12-24,0.551171,1.000000
2024-12-26,0.550713,1.000000
2024-12-27,0.551881,1.000000
2024-12-30,0.553244,1.000000
2024-12-31,0.552787,1.000000
2025-01-02,0.551657,1.000000
2025-01-03,0.551224,1.000000
2025-01-06,0.551546,1.000000
2025-01-07,0.551062,1.000000
2025-01-08,0.550179,1.000000
2025-01-10,0.559738,1.000000
2025-01-13,0.559432,0.971835
2025-01-14,0.561974,0.974547
2025-01-15,0.566187,0.925460
2025-01-16,0.564430,0.845935
2025-01-17,0.562491,0.875667
2025-01-21,0.562695,0.908800
2025-01-22,0.560621,0.902477
2025-01-23,0.561351,0.938270
2025-01-24,0.556651,0.922028
2025-01-27,0.558401,1.000000
2025-01-28,0.555888,0.971063
2025-01-29,0.556018,1.000000
2025-01-30,0.558769,1.000000
2025-01-31,0.555053,0.954863
2025-02-03,0.549565,1.000000
2025-02-04,0.547661,1.000000
2025-02-05,0.534381,1.000000
2025-02-06,0.535356,1.000000
2025-02-07,0.537869,1.000000
2025-02-10,0.530556,1.000000
2025-02-11,0.530130,1.000000
2025-02-12,0.530336,1.000000
2025-02-13,0.530433,1.000000
2025-02-14,0.530077,1.000000
2025-02-18,0.527182,1.000000
2025-02-19,0.526225,1.000000
2025-02-20,0.523132,1.000000
2025-02-21,0.523231,1.000000
2025-02-24,0.522843,1.000000
2025-02-25,0.517003,1.000000
2025-02-26,0.511367,1.000000
2025-02-27,0.519169,1.000000
2025-02-28,0.515290,1.000000
2025-03-03,0.506711,1.000000
2025-03-04,0.504640,1.000000
2025-03-05,0.507705,1.000000
2025-03-06,0.503895,1.000000
2025-03-07,0.504262,1.000000
2025-03-10,0.515566,1.000000
2025-03-11,0.506915,1.000000
2025-03-12,0.506076,1.000000
2025-03-13,0.505276,1.000000
2025-03-14,0.510912,1.000000
2025-03-17,0.510732,1.000000
2025-03-18,0.509774,1.000000
2025-03-19,0.510773,1.000000
2025-03-20,0.511954,1.000000
2025-03-21,0.511434,1.000000
2025-03-24,0.501261,1.000000
2025-03-25,0.501504,1.000000
2025-03-26,0.503649,1.000000
2025-03-27,0.504292,1.000000
2025-03-28,0.506428,1.000000
2025-03-31,0.505857,1.000000
2025-04-01,0.506432,1.000000
2025-04-02,0.508127,1.000000
2025-04-03,0.525567,1.000000
2025-04-04,0.564521,1.000000
2025-04-07,0.561243,0.597745
2025-04-08,0.560922,0.641132
2025-04-09,0.623082,0.644697
2025-04-10,0.623141,0.300000
2025-04-11,0.626545,0.300000
2025-04-14,0.626458,0.300000
2025-04-15,0.626272,0.300000
2025-04-16,0.621384,0.300000
2025-04-17,0.622378,0.300000
2025-04-21,0.618570,0.300000
2025-04-22,0.618254,0.300000
2025-04-23,0.616383,0.300000
2025-04-24,0.619120,0.300000
2025-04-25,0.618832,0.300000
2025-04-28,0.618118,0.300000
2025-04-29,0.617867,0.300000
2025-04-30,0.617939,0.300000
2025-05-01,0.617090,0.300000
2025-05-02,0.617297,0.300000
2025-05-05,0.616311,0.300000
2025-05-06,0.614496,0.300000
2025-05-07,0.613875,0.300000
2025-05-08,0.612244,0.300000
2025-05-09,0.611338,0.300000
2025-05-12,0.624002,0.300000
2025-05-13,0.623939,0.300000
2025-05-14,0.626948,0.300000
2025-05-15,0.628393,0.300000
2025-05-16,0.628219,0.300000
2025-05-19,0.627787,0.300000
2025-05-20,0.627761,0.300000
2025-05-21,0.627875,0.300000
2025-05-22,0.627616,0.300000
2025-05-23,0.627216,0.300000
2025-05-27,0.625797,0.300000
2025-05-28,0.626575,0.300000
2025-05-29,0.627418,0.300000
2025-05-30,0.628164,0.300000
2025-06-02,0.628771,0.300000
2025-06-03,0.627522,0.300000
2025-06-04,0.627082,0.300000
2025-06-05,0.626987,0.300000
2025-06-06,0.626241,0.300000
2025-06-09,0.626072,0.300000
2025-06-10,0.626811,0.300000
2025-06-11,0.626876,0.300000
2025-06-12,0.629150,0.300000
2025-06-13,0.630313,0.300000
2025-06-16,0.629823,0.300000
2025-06-17,0.628883,0.300000
2025-06-18,0.629102,0.300000
2025-06-20,0.629925,0.300000
2025-06-23,0.630278,0.300000
2025-06-24,0.624870,0.300000
2025-06-25,0.624478,0.300000
2025-06-26,0.625040,0.300000
2025-06-27,0.624794,0.300000
2025-06-30,0.624884,0.300000
2025-07-01,0.624705,0.300000
2025-07-02,0.624092,0.300000
2025-07-03,0.623595,0.300000
2025-07-07,0.624184,0.300000
2025-07-08,0.624030,0.300000
2025-07-09,0.624099,0.300000
2025-07-10,0.624245,0.300000
2025-07-11,0.624027,0.300000
2025-07-14,0.624019,0.300000
2025-07-15,0.621633,0.300000
2025-07-16,0.621772,0.300000
2025-07-17,0.622058,0.300000
2025-07-18,0.620436,0.300000
2025-07-21,0.620627,0.300000
2025-07-22,0.620427,0.300000
2025-07-23,0.618800,0.300000
2025-07-24,0.619151,0.300000
2025-07-25,0.619067,0.300000
2025-07-28,0.618433,0.300000
2025-07-29,0.619350,0.300000
2025-07-30,0.619738,0.300000
2025-07-31,0.619640,0.300000
2025-08-01,0.618724,0.300000
2025-08-04,0.619439,0.300000
2025-08-05,0.619133,0.300000
2025-08-06,0.618513,0.300000
2025-08-07,0.618430,0.300000
2025-08-08,0.618284,0.300000
2025-08-11,0.618131,0.300000
2025-08-12,0.617650,0.300000
2025-08-13,0.617342,0.300000
2025-08-14,0.617283,0.300000
2025-08-15,0.616357,0.300000
2025-08-18,0.616394,0.300000
2025-08-19,0.616332,0.300000
2025-08-20,0.616684,0.300000
2025-08-21,0.617459,0.300000
2025-08-22,0.618947,0.300000
2025-08-25,0.619377,0.300000
2025-08-26,0.620218,0.300000
2025-08-27,0.620030,0.300000
2025-08-28,0.618614,0.300000
2025-08-29,0.621515,0.300000
2025-09-02,0.624822,0.300000
2025-09-03,0.625851,0.300000
2025-09-04,0.627237,0.300000
2025-09-05,0.626308,0.300000
2025-09-08,0.626399,0.300000
2025-09-09,0.624484,0.300000
2025-09-10,0.624985,0.300000
2025-09-11,0.625303,0.300000
2025-09-12,0.625538,0.300000
2025-09-15,0.624927,0.300000
2025-09-16,0.624495,0.300000
2025-09-17,0.624741,0.300000
2025-09-18,0.623044,0.300000
2025-09-19,0.622508,0.300000
2025-09-22,0.622642,0.300000
2025-09-23,0.624386,0.300000
2025-09-24,0.625109,0.300000
2025-09-25,0.624484,0.300000
2025-09-26,0.624517,0.300000
2025-09-29,0.625192,0.300000
2025-09-30,0.626124,0.300000
2025-10-01,0.626127,0.300000
2025-10-02,0.626489,0.300000
2025-10-03,0.625068,0.300000
2025-10-06,0.617652,0.300000
2025-10-07,0.621936,0.300000
2025-10-08,0.619273,0.300000
2025-10-09,0.575153,0.300000
2025-10-10,0.561836,0.669161
2025-10-13,0.560055,0.789890
2025-10-14,0.556093,0.805238
2025-10-15,0.556109,0.840324
2025-10-16,0.551102,0.839265
2025-10-17,0.550879,0.883662
2025-10-20,0.548557,0.884455
2025-10-21,0.539635,0.904204
2025-10-22,0.538638,0.983257
2025-10-23,0.536830,0.990095
2025-10-24,0.538111,1.000000
2025-10-27,0.539217,0.990053
2025-10-28,0.538462,0.977761
2025-10-29,0.537494,0.982207
2025-10-30,0.540855,0.988528
2025-10-31,0.535233,0.956301
2025-11-03,0.536229,1.000000
2025-11-04,0.539277,0.993355
2025-11-05,0.541409,0.964171
2025-11-06,0.544341,0.943415
2025-11-07,0.544471,0.915826
2025-11-10,0.545889,0.913102
2025-11-11,0.546350,0.900326
2025-11-12,0.547539,0.896065
2025-11-13,0.554031,0.885607
2025-11-14,0.554428,0.828488
2025-11-17,0.558680,0.825439
2025-11-18,0.558521,0.788425
2025-11-19,0.557436,0.790605
2025-11-20,0.561937,0.801000
2025-11-21,0.562153,0.761774
2025-11-24,0.564929,0.760714
2025-11-25,0.563999,0.736907
2025-11-26,0.564756,0.746254
2025-11-28,0.565591,0.740563
2025-12-01,0.565286,0.734354
2025-12-02,0.567397,0.738531
2025-12-03,0.567811,0.720961
2025-12-04,0.568468,0.718555
2025-12-05,0.568565,0.713965
2025-12-08,0.569150,0.714439
2025-12-09,0.569029,0.710655
2025-12-10,0.570057,0.713315
2025-12-11,0.569194,0.705581
2025-12-12,0.567972,0.715269
2025-12-15,0.567307,0.728245
2025-12-16,0.565581,0.736200
2025-12-17,0.566672,0.753748
2025-12-18,0.566967,0.745280
2025-12-19,0.566459,0.744241
2025-12-22,0.566671,0.750616
2025-12-23,0.566860,0.749423
2025-12-24,0.565865,0.748456
2025-12-26,0.566978,0.758413
2025-12-29,0.567951,0.748757
2025-12-30,0.568913,0.740428
2025-12-31,0.569771,0.732242
2026-01-02,0.565739,0.724994
2026-01-05,0.565917,0.763274
2026-01-06,0.567154,0.762205
2026-01-07,0.567573,0.751316
2026-01-08,0.566795,0.748126
2026-01-09,0.567566,0.756120
2026-01-12,0.567239,0.749624
2026-01-13,0.569966,0.753478
2026-01-14,0.567454,0.728266
2026-01-15,0.567067,0.752255
2026-01-16,0.566805,0.756119
2026-01-20,0.565389,0.758619
2026-01-21,0.569789,0.771994
2026-01-22,0.574185,0.730869
2026-01-23,0.571739,0.689931
2026-01-26,0.572014,0.713446
2026-01-27,0.574169,0.711298
2026-01-28,0.570888,0.691695
2026-01-29,0.569446,0.723186
2026-01-30,0.574047,0.737396
2026-02-02,0.574897,0.694682
2026-02-03,0.566700,0.687303
2026-02-04,0.566545,0.765385
2026-02-05,0.569986,0.767660
2026-02-06,0.581526,0.736070
2026-02-09,0.583083,0.628435
2026-02-10,0.582443,0.615458
2026-02-11,0.579662,0.623309
2026-02-12,0.584084,0.651947
2026-02-13,0.584608,0.611605
2026-02-17,0.584982,0.608666
2026-02-18,0.585296,0.607175
2026-02-19,0.585069,0.606271
2026-02-20,0.585057,0.610766
2026-02-23,0.584657,0.613223
2026-02-24,0.579770,0.619639
2026-02-25,0.579949,0.670393
2026-02-26,0.579404,0.671219
2026-02-27,0.579814,0.679593
2026-03-02,0.572129,0.678778
2026-03-03,0.573371,0.759377
2026-03-04,0.575485,0.750090
2026-03-05,0.576192,0.732398
2026-03-06,0.577377,0.729212
2026-03-09,0.578781,0.720820
2026-03-10,0.578659,0.710286
2026-03-11,0.579288,0.715865
2026-03-12,0.585425,0.712710
2026-03-13,0.584979,0.650376
2026-03-16,0.586108,0.659267
2026-03-17,0.585679,0.650929
2026-03-18,0.591083,0.659599
2026-03-19,0.590463,0.602447
2026-03-20,0.600878,0.613263
2026-03-23,0.602007,0.496660
2026-03-24,0.600966,0.486495
2026-03-25,0.603665,0.501769
2026-03-26,0.611369,0.472705
2026-03-27,0.608946,0.381962
2026-03-30,0.607803,0.413935
2026-03-31,0.618702,0.430634
2026-04-01,0.619154,0.300000
2026-04-02,0.617727,0.300000
2026-04-06,0.617686,0.309539
2026-04-07,0.618289,0.311250
2026-04-08,0.624571,0.305117
2026-04-09,0.624099,0.300000
2026-04-10,0.623594,0.300000
2026-04-13,0.623462,0.300000
2026-04-14,0.627980,0.300000
2026-04-15,0.623669,0.300000
2026-04-16,0.625287,0.300000
2026-04-17,0.628145,0.300000
2026-04-20,0.631717,0.300000
2026-04-21,0.633969,0.300000
2026-04-22,0.631876,0.300000
2026-04-23,0.633467,0.300000
2026-04-24,0.633570,0.300000
2026-04-27,0.633972,0.300000
2026-04-28,0.634997,0.300000
2026-04-29,0.636275,0.300000
2026-04-30,0.638002,0.300000
2026-05-01,0.638530,0.300000
2026-05-04,0.639421,0.300000
2026-05-05,0.641870,0.300000
2026-05-06,0.647309,0.300000
2026-05-07,0.645412,0.300000
2026-05-08,0.647113,0.300000
2026-05-11,0.649513,0.300000
2026-05-12,0.649461,0.300000
2026-05-13,0.647152,0.300000
2026-05-14,0.646673,0.300000
2026-05-15,0.653823,0.300000
2026-05-18,0.650417,0.300000
2026-05-19,0.652221,0.300000
2026-05-20,0.655606,0.300000
2026-05-21,0.656916,0.300000
2026-05-22,0.656685,0.300000
2026-05-26,0.658009,0.300000
2026-05-27,0.659791,0.300000
2026-05-28,0.660164,0.300000
2026-05-29,0.660472,0.300000
2026-06-01,0.657607,0.300000
2026-06-02,0.658192,0.300000
2026-06-03,0.659239,0.300000
2026-06-04,0.657108,0.300000
2026-06-05,0.669173,0.300000
2026-06-08,0.668576,0.300000
2026-06-09,0.667675,0.300000
2026-06-10,0.670481,0.300000
2026-06-11,0.680635,0.300000
2026-06-12,0.679982,0.300000
2026-06-15,0.680139,0.300000
2026-06-16,0.677147,0.300000
2026-06-17,0.677441,0.300000
2026-06-18,0.678058,0.300000
2026-06-22,0.677861,0.300000
2026-06-23,0.676970,0.300000
2026-06-24,0.675269,0.300000
2026-06-25,0.675591,0.300000
2026-06-26,0.674916,0.300000
2026-06-29,0.671007,0.300000
2026-06-30,0.669062,0.300000
2026-07-01,0.668924,0.300000
2026-07-02,0.665630,0.300000
2026-07-06,0.664914,0.300000
2026-07-07,0.668423,0.300000
2026-07-08,0.666438,0.300000
2026-07-09,0.667042,0.300000
2026-07-10,0.667188,0.300000
2026-07-13,0.670255,0.300000
2026-07-14,0.669926,0.300000
2026-07-15,0.669946,0.300000
2026-07-16,0.670246,0.300000
2026-07-17,0.670539,0.300000
2026-07-20,0.670452,0.300000
2026-07-21,0.671377,0.300000
2026-07-22,0.674553,0.300000
2026-07-23,0.673241,0.300000
2026-07-24,0.671194,0.300000
2026-07-27,0.673560,0.300000
2026-07-28,0.672286,0.300000
2026-07-29,0.674187,0.300000
2026-07-30,0.678600,0.300000
2026-07-31,0.677546,0.300000
2026-08-03,0.678342,0.300000
2026-08-04,0.683355,0.300000
2026-08-05,0.687890,0.300000
2026-08-06,0.688756,0.300000
2026-08-07,0.692099,0.300000
2026-08-10,0.688683,0.300000
2026-08-11,0.688252,0.300000
2026-08-12,0.689894,0.300000
2026-08-13,0.690310,0.300000
2026-08-14,0.694240,0.300000
2026-08-17,0.693669,0.300000
2026-08-18,0.694579,0.300000
2026-08-19,0.693237,0.300000
2026-08-20,0.692257,0.300000
2026-08-21,0.692369,0.300000
2026-08-24,0.694883,0.300000
2026-08-25,0.695862,0.300000
2026-08-26,0.695978,0.300000
2026-08-27,0.697056,0.300000
2026-08-28,0.699948,0.300000
2026-08-31,0.703949,0.300000
2026-09-01,0.703288,0.300000
2026-09-02,0.703415,0.300000
2026-09-03,0.703533,0.300000
2026-09-04,0.705369,0.300000
2026-09-08,0.704459,0.300000
2026-09-09,0.704762,0.300000
2026-09-10,0.707617,0.300000
